Start Time,End Time,Level
2,2,-1
2,2,-2
3,3,1
5,7,-1
6,6,-2
8,9,1
8,8,2
11,11,1
12,12,-1
12,12,-2
13,13,1
14,14,-1
15,16,1
17,17,-1
17,17,-2
19,20,-1
20,20,-2
21,22,1
21,21,2
24,26,1
25,26,2
27,28,-1
27,27,-2
29,30,1
29,30,2
32,33,-1
32,32,-2
34,35,1
34,35,2
36,37,-1
40,41,1
40,41,2
42,42,-1
43,45,1
43,44,2
46,46,-1
46,46,-2
47,47,1
48,48,-1
48,48,-2
50,50,1
50,50,2
51,52,-1
51,52,-2
53,54,1
53,53,2
56,56,-1
56,56,-2
57,57,1
57,57,2
58,58,-1
60,60,-1
61,61,1
61,61,2
62,63,-1
63,63,-2
64,64,1
64,64,2
65,65,-1
65,65,-2
66,66,1
67,67,-1
67,67,-2
69,70,-1
69,69,-2
71,71,1
72,72,-1
72,72,-2
73,74,1
76,76,1
76,76,2
77,78,-1
77,78,-2
79,80,1
79,79,2
81,81,-1
81,81,-2
82,84,1
83,84,2
86,86,1
87,87,-1
88,89,1
90,90,-1
90,90,-2
91,91,1
92,92,-1
92,92,-2
93,95,1
93,93,2
95,95,2
96,97,-1
96,97,-2
98,99,1
98,99,2
100,100,-1
102,102,-1
102,102,-2
104,104,1
105,105,-1
105,105,-2
106,108,1
106,107,2
109,109,-1
111,111,-1
113,113,1
113,113,2
114,115,-1
114,114,-2
116,116,1
118,118,1
118,118,2
119,120,-1
120,120,-2
121,122,1
122,122,2
123,123,-1
123,123,-2
125,125,-1
125,125,-2
126,127,1
126,127,2
128,129,-1
128,128,-2
131,132,1
131,131,2
133,134,-1
135,135,1
137,138,-1
138,138,-2
140,140,1
140,140,2
142,142,1
143,143,-1
145,148,1
145,148,2
149,149,-1
149,149,-2
150,150,1
150,150,2
151,153,-1
154,154,1
154,154,2
155,155,-1
156,158,1
158,158,2
159,161,-1
160,161,-2
164,167,-1
164,167,-2
168,168,1
169,171,-1
171,171,-2
172,172,1
176,176,1
179,179,-1
179,179,-2
180,180,1
180,180,2
182,182,1
183,185,-1
183,183,-2
186,187,1
186,187,2
189,190,1
189,189,2
192,193,1
194,194,-1
194,194,-2
196,196,1
197,197,-1
197,197,-2
198,199,1
198,199,2
201,202,-1
204,204,1
204,204,2
205,205,-1
205,205,-2
206,206,1
208,208,1
208,208,2
209,211,-1
211,211,-2
213,213,1
213,213,2
214,214,-1
214,214,-2
217,221,1
217,217,2
222,223,-1
223,223,-2
225,225,-1
225,225,-2
226,226,1
227,227,-1
227,227,-2
228,228,1
228,228,2
229,231,-1
229,231,-2
233,234,-1
234,234,-2
235,236,1
237,238,-1
237,237,-2
239,243,1
239,239,2
242,242,2
244,244,-1
245,245,1
246,246,-1
247,247,1
247,247,2
248,248,-1
249,249,1
250,251,-1
250,251,-2
253,255,-1
254,255,-2
256,256,1
256,256,2
257,257,-1
257,257,-2
258,258,1
259,260,-1
261,261,1
262,262,-1
263,263,1
263,263,2
265,266,-1
265,265,-2
267,267,1
268,270,-1
270,270,-2
272,272,1
272,272,2
275,275,-1
276,276,1
276,276,2
277,277,-1
277,277,-2
279,279,-1
279,279,-2
280,281,1
280,281,2
282,283,-1
283,283,-2
285,289,1
285,285,2
291,291,1
291,291,2
292,293,-1
293,293,-2
294,294,1
296,296,-1
296,296,-2
298,298,1
298,298,2
299,299,-1
299,299,-2
302,302,1
302,302,2
303,306,-1
305,305,-2
307,307,1
310,311,-1
310,310,-2
313,314,-1
314,314,-2
315,315,1
317,318,-1
317,317,-2
320,321,1
320,320,2
323,323,-1
323,323,-2
324,325,1
324,325,2
326,326,-1
327,327,1
327,327,2
328,329,-1
329,329,-2
330,332,1
330,330,2
333,334,-1
333,334,-2
335,336,1
335,336,2
337,340,-1
337,337,-2
339,339,-2
341,341,1
342,342,-1
342,342,-2
343,343,1
343,343,2
344,348,-1
349,349,1
351,351,-1
351,351,-2
352,355,1
352,354,2
359,360,1
359,360,2
363,363,-1
363,363,-2
365,365,-1
366,367,1
366,367,2
369,369,1
369,369,2
370,370,-1
373,374,1
375,377,-1
377,377,-2
379,381,-1
379,381,-2
383,383,1
383,383,2
384,386,-1
384,384,-2
386,386,-2
387,387,1
387,387,2
388,388,-1
389,389,1
389,389,2
390,390,-1
390,390,-2
392,393,1
392,393,2
395,395,1
395,395,2
397,397,-1
397,397,-2
399,400,-1
399,400,-2
401,401,1
402,403,-1
402,402,-2
404,404,1
405,405,-1
406,407,1
407,407,2
408,408,-1
409,409,1
409,409,2
410,410,-1
411,412,1
412,412,2
413,414,-1
415,415,1
417,417,1
417,417,2
419,419,1
420,420,-1
421,422,1
421,422,2
424,424,-1
427,429,-1
429,429,-2
430,431,1
430,431,2
432,432,-1
433,433,1
433,433,2
434,435,-1
436,437,1
438,439,-1
438,438,-2
440,441,1
443,443,-1
443,443,-2
444,444,1
445,446,-1
445,446,-2
447,447,1
448,448,-1
448,448,-2
449,451,1
450,451,2
452,453,-1
455,456,-1
456,456,-2
458,459,-1
458,459,-2
462,464,1
462,462,2
465,465,-1
465,465,-2
466,466,1
467,467,-1
467,467,-2
468,469,1
468,468,2
471,472,-1
475,476,-1
475,475,-2
477,480,1
478,478,2
482,482,1
482,482,2
483,483,-1
483,483,-2
484,485,1
484,485,2
488,488,1
489,489,-1
490,490,1
492,492,1
492,492,2
494,494,1
494,494,2
495,495,-1
496,497,1
496,496,2
499,500,-1
499,499,-2
501,501,1
501,501,2
503,503,1
503,503,2
504,504,-1
505,511,1
506,506,2
510,510,2
512,512,-1
513,513,1
514,517,-1
514,514,-2
517,517,-2
519,520,1
519,520,2
521,521,-1
525,527,1
526,526,2
528,528,-1
530,535,1
530,530,2
533,533,2
536,536,-1
537,537,1
539,540,1
539,540,2
541,542,-1
542,542,-2
543,543,1
544,545,-1
544,545,-2
547,548,-1
547,547,-2
550,550,-1
550,550,-2
552,552,1
555,555,-1
555,555,-2
556,558,1
558,558,2
559,559,-1
559,559,-2
560,561,1
560,560,2
562,564,-1
564,564,-2
565,566,1
566,566,2
567,569,-1
568,569,-2
571,571,1
571,571,2
572,572,-1
574,575,1
574,574,2
577,577,-1
579,580,-1
580,580,-2
581,581,1
581,581,2
582,582,-1
583,584,1
586,587,-1
586,587,-2
589,590,1
589,590,2
591,591,-1
591,591,-2
592,593,1
594,596,-1
594,594,-2
596,596,-2
598,599,1
599,599,2
600,600,-1
601,601,1
602,602,-1
602,602,-2
603,603,1
604,604,-1
606,606,-1
606,606,-2
607,607,1
607,607,2
609,609,-1
610,610,1
610,610,2
612,612,1
612,612,2
614,614,-1
614,614,-2
615,615,1
615,615,2
616,618,-1
619,619,1
620,620,-1
620,620,-2
622,622,1
623,624,-1
623,624,-2
626,626,1
626,626,2
627,628,-1
627,627,-2
629,629,1
629,629,2
632,632,1
632,632,2
633,634,-1
634,634,-2
635,637,1
635,635,2
641,641,-1
643,645,-1
644,645,-2
647,647,1
647,647,2
649,649,1
649,649,2
651,652,-1
655,656,-1
655,656,-2
657,658,1
659,660,-1
659,660,-2
661,662,1
661,662,2
663,663,-1
665,666,1
665,666,2
668,669,1
669,669,2
671,672,1
673,674,-1
673,674,-2
676,676,1
676,676,2
677,678,-1
677,677,-2
680,680,-1
681,681,1
685,685,1
687,687,1
689,690,1
689,689,2
691,691,-1
691,691,-2
692,692,1
692,692,2
695,696,-1
695,696,-2
697,698,1
697,697,2
700,700,-1
700,700,-2
701,701,1
701,701,2
703,706,-1
703,704,-2
706,706,-2
707,707,1
707,707,2
709,709,1
709,709,2
711,713,-1
712,713,-2
714,714,1
715,715,-1
715,715,-2
716,716,1
718,718,-1
718,718,-2
719,719,1
720,720,-1
720,720,-2
721,721,1
722,722,-1
722,722,-2
723,723,1
723,723,2
724,726,-1
724,726,-2
727,728,1
727,728,2
729,731,-1
729,730,-2
732,734,1
734,734,2
735,736,-1
737,739,1
738,739,2
740,740,-1
741,741,1
742,742,-1
742,742,-2
743,744,1
744,744,2
747,748,-1
749,749,1
751,751,-1
751,751,-2
752,752,1
752,752,2
753,755,-1
756,756,1
758,758,-1
759,759,1
759,759,2
760,761,-1
760,761,-2
762,762,1
764,766,-1
764,766,-2
767,767,1
768,768,-1
768,768,-2
769,769,1
769,769,2
770,772,-1
772,772,-2
774,775,-1
774,774,-2
777,777,-1
777,777,-2
778,778,1
778,778,2
779,779,-1
780,780,1
781,781,-1
781,781,-2
782,782,1
782,782,2
783,783,-1
784,784,1
785,785,-1
785,785,-2
788,788,-1
790,790,-1
792,793,-1
793,793,-2
794,794,1
795,795,-1
795,795,-2
796,796,1
796,796,2
797,799,-1
797,798,-2
800,800,1
800,800,2
801,801,-1
801,801,-2
802,806,1
804,805,2
807,807,-1
807,807,-2
809,809,-1
809,809,-2
811,811,-1
811,811,-2
813,813,1
813,813,2
815,816,1
818,820,-1
818,820,-2
821,821,1
822,822,-1
822,822,-2
823,824,1
823,824,2
825,826,-1
825,826,-2
828,830,1
828,828,2
831,831,-1
832,832,1
832,832,2
833,833,-1
833,833,-2
835,835,1
838,838,-1
838,838,-2
839,839,1
839,839,2
840,840,-1
841,842,1
841,841,2
843,843,-1
843,843,-2
845,845,1
845,845,2
846,847,-1
849,849,1
851,851,1
851,851,2
852,852,-1
852,852,-2
853,857,1
855,855,2
857,857,2
858,858,-1
860,860,1
860,860,2
861,861,-1
861,861,-2
863,863,1
863,863,2
865,867,-1
868,868,1
869,869,-1
870,870,1
872,873,-1
872,872,-2
875,875,-1
876,878,1
880,880,-1
881,881,1
882,882,-1
882,882,-2
883,883,1
884,887,-1
884,886,-2
888,889,1
888,888,2
891,891,1
892,895,-1
893,894,-2
896,901,1
896,897,2
899,901,2
902,903,-1
902,902,-2
904,906,1
904,905,2
907,907,-1
907,907,-2
908,908,1
909,911,-1
911,911,-2
914,914,1
915,915,-1
916,917,1
919,920,-1
919,919,-2
921,921,1
921,921,2
923,923,-1
924,924,1
926,929,1
926,926,2
929,929,2
930,932,-1
930,932,-2
935,935,1
936,936,-1
936,936,-2
937,937,1
937,937,2
938,938,-1
940,942,1
941,942,2
944,945,-1
945,945,-2
948,948,-1
949,949,1
950,950,-1
951,951,1
952,954,-1
953,954,-2
955,959,1
955,957,2
959,959,2
960,960,-1
960,960,-2
961,961,1
961,961,2
962,963,-1
962,963,-2
965,965,1
965,965,2
966,967,-1
967,967,-2
969,970,1
970,970,2
973,973,1
973,973,2
975,975,-1
978,979,1
978,978,2
980,980,-1
980,980,-2
981,981,1
983,984,1
983,984,2
985,986,-1
985,986,-2
988,988,1
990,990,-1
991,993,1
991,991,2
993,993,2
994,994,-1
994,994,-2
996,996,-1
996,996,-2
997,998,1
997,997,2
999,999,-1
999,999,-2
1000,1000,1
1000,1000,2
1001,1004,-1
1004,1004,-2
1005,1006,1
1009,1010,-1
1009,1009,-2
1011,1011,1
1012,1012,-1
1013,1014,1
1013,1013,2
1015,1015,-1
1017,1018,1
1018,1018,2
1019,1019,-1
1019,1019,-2
1021,1021,-1
1022,1022,1
1022,1022,2
1023,1023,-1
1023,1023,-2
1024,1026,1
1025,1025,2
1027,1027,-1
1028,1028,1
1029,1029,-1
1030,1032,1
1033,1033,-1
1033,1033,-2
1034,1035,1
1036,1036,-1
1037,1037,1
1038,1038,-1
1041,1042,-1
1042,1042,-2
1043,1043,1
1043,1043,2
1044,1044,-1
1044,1044,-2
1045,1045,1
1046,1047,-1
1047,1047,-2
1048,1048,1
1049,1049,-1
1050,1051,1
1052,1053,-1
1053,1053,-2
1054,1054,1
1056,1056,-1
1057,1058,1
1058,1058,2
1059,1059,-1
1061,1061,1
1062,1062,-1
1062,1062,-2
1063,1063,1
1063,1063,2
1065,1067,1
1069,1069,1
1069,1069,2
1070,1070,-1
1071,1072,1
1074,1074,-1
1076,1076,-1
1077,1077,1
1078,1080,-1
1079,1080,-2
1082,1082,-1
1083,1083,1
1085,1086,1
1087,1087,-1
1087,1087,-2
1088,1088,1
1088,1088,2
1089,1089,-1
1090,1090,1
1091,1094,-1
1095,1095,1
1097,1097,1
1098,1099,-1
1098,1098,-2
1100,1100,1
1101,1102,-1
1102,1102,-2
1103,1103,1
1104,1104,-1
1104,1104,-2
1106,1106,1
1106,1106,2
1108,1108,-1
1108,1108,-2
1109,1109,1
1110,1111,-1
1113,1114,1
1115,1115,-1
1115,1115,-2
1117,1118,-1
1117,1118,-2
1120,1120,1
1122,1122,-1
1124,1125,1
1124,1124,2
1127,1128,-1
1127,1127,-2
1130,1130,1
1130,1130,2
1131,1131,-1
1132,1132,1
1132,1132,2
1133,1135,-1
1134,1135,-2
1136,1136,1
1136,1136,2
1137,1138,-1
1137,1138,-2
1139,1140,1
1139,1139,2
1141,1141,-1
1141,1141,-2
1142,1142,1
1143,1144,-1
1143,1144,-2
1145,1145,1
1145,1145,2
1146,1146,-1
1147,1148,1
1149,1149,-1
1150,1150,1
1150,1150,2
1151,1152,-1
1152,1152,-2
1153,1153,1
1153,1153,2
1155,1155,-1
1156,1156,1
1156,1156,2
1158,1158,1
1158,1158,2
1160,1160,1
1161,1161,-1
1162,1164,1
1163,1163,2
1166,1166,1
1166,1166,2
1167,1167,-1
1167,1167,-2
1169,1171,-1
1170,1171,-2
1172,1173,1
1172,1172,2
1174,1174,-1
1174,1174,-2
1176,1176,1
1176,1176,2
1177,1180,-1
1177,1177,-2
1180,1180,-2
1181,1185,1
1182,1182,2
1184,1184,2
1188,1188,1
1193,1193,-1
1194,1194,1
1195,1195,-1
1196,1196,1
1197,1198,-1
1197,1197,-2
1199,1199,1
1199,1199,2
1201,1202,-1
1201,1201,-2
1203,1203,1
1205,1205,-1
1205,1205,-2
1206,1206,1
1207,1212,-1
1207,1207,-2
1209,1209,-2
1213,1214,1
1213,1213,2
1215,1215,-1
1217,1217,-1
1217,1217,-2
1218,1218,1
1218,1218,2
1219,1219,-1
1219,1219,-2
1220,1220,1
1221,1223,-1
1221,1222,-2
1224,1224,1
1224,1224,2
1226,1227,-1
1229,1229,1
1229,1229,2
1231,1231,-1
1231,1231,-2
1232,1233,1
1234,1234,-1
1235,1236,1
1235,1236,2
1237,1237,-1
1239,1239,-1
1240,1241,1
1240,1240,2
1242,1245,-1
1247,1247,-1
1247,1247,-2
1250,1251,1
1250,1250,2
1252,1253,-1
1253,1253,-2
1254,1256,1
1254,1254,2
1257,1260,-1
1258,1259,-2
1262,1262,-1
1263,1263,1
1264,1264,-1
1264,1264,-2
1265,1265,1
1266,1266,-1
1268,1269,1
1269,1269,2
1270,1270,-1
1271,1271,1
1271,1271,2
1272,1272,-1
1273,1273,1
1273,1273,2
1274,1274,-1
1275,1277,1
1276,1276,2
1278,1279,-1
1278,1279,-2
1280,1281,1
1282,1283,-1
1283,1283,-2
1286,1287,-1
1286,1287,-2
1289,1289,-1
1291,1291,-1
1292,1294,1
1293,1293,2
1296,1296,1
1297,1297,-1
1299,1300,1
1300,1300,2
1301,1301,-1
1301,1301,-2
1302,1304,1
1302,1304,2
1306,1307,-1
1306,1307,-2
1308,1309,1
1309,1309,2
1310,1312,-1
1311,1311,-2
1314,1316,-1
1315,1316,-2
1318,1318,1
1318,1318,2
1319,1319,-1
1323,1323,1
1323,1323,2
1325,1325,1
1327,1328,-1
1330,1330,1
1330,1330,2
1332,1332,-1
1332,1332,-2
1334,1335,-1
1334,1334,-2
1336,1336,1
1336,1336,2
1337,1338,-1
1337,1338,-2
1339,1343,1
1339,1340,2
1344,1346,-1
1345,1345,-2
1348,1348,1
1348,1348,2
1349,1350,-1
1351,1356,1
1351,1353,2
1357,1360,-1
1357,1359,-2
1361,1361,1
1362,1365,-1
1362,1362,-2
1364,1364,-2
1366,1368,1
1369,1370,-1
1370,1370,-2
1371,1371,1
1371,1371,2
1372,1373,-1
1373,1373,-2
1374,1375,1
1374,1375,2
1377,1378,1
1379,1379,-1
1379,1379,-2
1380,1380,1
1380,1380,2
1381,1381,-1
1381,1381,-2
1383,1384,-1
1383,1383,-2
1386,1390,1
1386,1386,2
1389,1389,2
1391,1392,-1
1391,1391,-2
1395,1399,-1
1396,1398,-2
1401,1402,-1
1402,1402,-2
1403,1405,1
1404,1405,2
1406,1406,-1
1409,1409,1
1410,1410,-1
1411,1414,1
1411,1412,2
1416,1416,1
1416,1416,2
1418,1418,-1
1418,1418,-2
1419,1419,1
1419,1419,2
1421,1421,1
1422,1426,-1
1422,1426,-2
1427,1428,1
1427,1428,2
1429,1429,-1
1429,1429,-2
1430,1432,1
1432,1432,2
1433,1433,-1
1433,1433,-2
1435,1439,-1
1435,1436,-2
1440,1442,1
1441,1441,2
1445,1450,1
1446,1446,2
1448,1449,2
1451,1452,-1
1452,1452,-2
1453,1453,1
1454,1454,-1
1454,1454,-2
1455,1455,1
1455,1455,2
1456,1456,-1
1456,1456,-2
1457,1457,1
1461,1461,1
1462,1463,-1
1462,1462,-2
1464,1464,1
1465,1465,-1
1466,1467,1
1466,1466,2
1468,1468,-1
1468,1468,-2
1469,1469,1
1470,1470,-1
1471,1471,1
1473,1474,1
1474,1474,2
1475,1476,-1
1477,1477,1
1477,1477,2
1478,1479,-1
1479,1479,-2
1480,1482,1
1480,1480,2
1482,1482,2
1484,1484,1
1484,1484,2
1487,1487,-1
1490,1490,1
1490,1490,2
1492,1492,-1
1492,1492,-2
1494,1494,-1
1495,1496,1
1496,1496,2
1499,1499,-1
1499,1499,-2
1500,1500,1
1501,1501,-1
1501,1501,-2
1502,1502,1
1504,1504,1
1504,1504,2
1505,1505,-1
1507,1507,1
1508,1512,-1
1508,1508,-2
1513,1513,1
1514,1515,-1
1514,1515,-2
1516,1519,1
1518,1519,2
1520,1520,-1
1520,1520,-2
1522,1523,-1
1522,1522,-2
1527,1528,1
1527,1527,2
1529,1529,-1
1530,1531,1
1530,1531,2
1532,1532,-1
1535,1538,1
1536,1538,2
1539,1540,-1
1541,1541,1
1542,1542,-1
1543,1544,1
1544,1544,2
1546,1546,-1
1547,1547,1
1548,1548,-1
1549,1549,1
1550,1550,-1
1553,1553,-1
1555,1555,-1
1557,1557,-1
1557,1557,-2
1558,1558,1
1560,1564,1
1560,1560,2
1562,1563,2
1565,1565,-1
1567,1569,-1
1569,1569,-2
1570,1571,1
1570,1570,2
1572,1574,-1
1572,1572,-2
1574,1574,-2
1576,1576,1
1576,1576,2
1578,1581,1
1578,1581,2
1582,1583,-1
1583,1583,-2
1584,1585,1
1585,1585,2
1586,1588,-1
1586,1588,-2
1589,1589,1
1590,1591,-1
1590,1590,-2
1593,1593,1
1594,1594,-1
1595,1596,1
1596,1596,2
1597,1597,-1
1597,1597,-2
1598,1598,1
1598,1598,2
1599,1601,-1
1602,1602,1
1603,1603,-1
1603,1603,-2
1604,1605,1
1604,1604,2
1606,1606,-1
1606,1606,-2
1608,1609,1
1608,1608,2
1611,1612,1
1613,1614,-1
1614,1614,-2
1616,1618,1
1616,1617,2
1619,1619,-1
1620,1620,1
1622,1624,1
1622,1623,2
1625,1628,-1
1626,1627,-2
1630,1632,-1
1633,1634,1
1633,1633,2
1635,1635,-1
1635,1635,-2
1636,1636,1
1636,1636,2
1637,1638,-1
1637,1638,-2
1639,1639,1
1640,1640,-1
1640,1640,-2
1641,1644,1
1641,1643,2
1645,1646,-1
1647,1647,1
1649,1649,1
1649,1649,2
1650,1652,-1
1651,1651,-2
1653,1653,1
1654,1654,-1
1656,1656,-1
1656,1656,-2
1658,1658,1
1659,1659,-1
1662,1662,1
1664,1664,1
1665,1665,-1
1665,1665,-2
1667,1668,-1
1668,1668,-2
1669,1669,1
1671,1671,1
1671,1671,2
1672,1673,-1
1672,1672,-2
1674,1674,1
1674,1674,2
1676,1677,1
1676,1677,2
1679,1679,-1
1680,1680,1
1681,1682,-1
1682,1682,-2
1683,1684,1
1684,1684,2
1685,1685,-1
1686,1686,1
1687,1687,-1
1688,1689,1
1688,1688,2
1690,1694,-1
1691,1693,-2
1695,1695,1
1695,1695,2
1697,1697,1
1698,1699,-1
1698,1698,-2
1702,1703,1
1704,1704,-1
1704,1704,-2
1706,1706,1
1706,1706,2
1707,1708,-1
1708,1708,-2
1710,1710,-1
1710,1710,-2
1711,1712,1
1712,1712,2
1713,1715,-1
1716,1716,1
1716,1716,2
1717,1719,-1
1717,1719,-2
1720,1721,1
1721,1721,2
1722,1723,-1
1722,1722,-2
1724,1724,1
1726,1726,-1
1726,1726,-2
1728,1729,-1
1730,1735,1
1730,1730,2
1732,1734,2
1737,1739,-1
1737,1737,-2
1740,1741,1
1742,1743,-1
1742,1742,-2
1744,1745,1
1745,1745,2
1746,1746,-1
1749,1750,1
1749,1750,2
1751,1751,-1
1753,1754,1
1756,1756,1
1756,1756,2
1757,1759,-1
1757,1757,-2
1759,1759,-2
1760,1760,1
1760,1760,2
1761,1761,-1
1762,1763,1
1763,1763,2
1764,1764,-1
1765,1765,1
1767,1767,1
1768,1768,-1
1768,1768,-2
1769,1776,1
1772,1773,2
1775,1775,2
1778,1779,-1
1778,1778,-2
1780,1780,1
1780,1780,2
1781,1781,-1
1782,1782,1
1783,1784,-1
1784,1784,-2
1786,1786,-1
1787,1788,1
1787,1787,2
1789,1789,-1
1789,1789,-2
1790,1790,1
1790,1790,2
1792,1793,-1
1793,1793,-2
1794,1795,1
1795,1795,2
1797,1797,1
1797,1797,2
1798,1798,-1
1798,1798,-2
1799,1801,1
1799,1801,2
1802,1803,-1
1803,1803,-2
1804,1804,1
1805,1805,-1
1805,1805,-2
1808,1808,1
1808,1808,2
1809,1809,-1
1810,1810,1
1812,1813,-1
1813,1813,-2
1815,1815,1
1815,1815,2
1816,1817,-1
1818,1818,1
1819,1819,-1
1819,1819,-2
1821,1821,-1
1821,1821,-2
1822,1823,1
1825,1826,-1
1825,1826,-2
1828,1828,1
1828,1828,2
1829,1830,-1
1829,1829,-2
1831,1831,1
1831,1831,2
1832,1832,-1
1833,1833,1
1833,1833,2
1834,1834,-1
1835,1835,1
1835,1835,2
1836,1838,-1
1836,1837,-2
1840,1840,-1
1841,1842,1
1844,1844,1
1845,1845,-1
1845,1845,-2
1846,1850,1
1846,1846,2
1848,1848,2
1851,1851,-1
1853,1853,-1
1855,1856,-1
1855,1856,-2
1857,1857,1
1858,1858,-1
1858,1858,-2
1859,1860,1
1862,1863,1
1862,1862,2
1864,1867,-1
1867,1867,-2
1869,1873,-1
1872,1872,-2
1876,1876,-1
1877,1878,1
1880,1884,1
1883,1883,2
1885,1885,-1
1888,1888,-1
1889,1889,1
1889,1889,2
1890,1890,-1
1890,1890,-2
1891,1892,1
1891,1892,2
1893,1893,-1
1893,1893,-2
1894,1894,1
1894,1894,2
1896,1897,1
1896,1897,2
1898,1898,-1
1899,1899,1
1901,1901,-1
1901,1901,-2
1902,1904,1
1902,1903,2
1905,1905,-1
1905,1905,-2
1906,1907,1
1906,1907,2
1908,1908,-1
1910,1910,-1
1910,1910,-2
1911,1915,1
1913,1913,2
1915,1915,2
1916,1916,-1
1917,1917,1
1917,1917,2
1918,1919,-1
1920,1920,1
1920,1920,2
1921,1921,-1
1921,1921,-2
1922,1922,1
1922,1922,2
1923,1923,-1
1923,1923,-2
1925,1925,-1
1925,1925,-2
1926,1927,1
1929,1929,-1
1930,1930,1
1930,1930,2
1932,1932,-1
1932,1932,-2
1936,1936,-1
1938,1939,-1
1940,1940,1
1942,1942,-1
1942,1942,-2
1944,1947,-1
1944,1947,-2
1949,1949,-1
1949,1949,-2
1951,1951,1
1951,1951,2
1952,1953,-1
1952,1952,-2
1954,1955,1
1955,1955,2
1956,1956,-1
1958,1959,1
1959,1959,2
1960,1960,-1
1961,1961,1
1961,1961,2
1962,1962,-1
1962,1962,-2
1963,1963,1
1963,1963,2
1964,1964,-1
1965,1966,1
1965,1966,2
1968,1968,-1
1968,1968,-2
1970,1970,1
1970,1970,2
1972,1974,-1
1973,1973,-2
1976,1979,1
1976,1976,2
1979,1979,2
1981,1983,-1
1983,1983,-2
1986,1986,-1
1986,1986,-2
1987,1987,1
1988,1992,-1
1988,1991,-2
1993,1994,1
1993,1993,2
1995,1995,-1
1997,1997,-1
1998,1998,1
1998,1998,2
1999,2001,-1
1999,1999,-2
2002,2002,1
2002,2002,2
2003,2003,-1
2004,2004,1
2006,2006,1
2006,2006,2
2008,2009,1
2010,2010,-1
2010,2010,-2
2011,2011,1
2012,2015,-1
2012,2015,-2
2017,2017,-1
2018,2019,1
2020,2022,-1
2023,2024,1
2023,2023,2
2025,2025,-1
2025,2025,-2
2026,2026,1
2027,2027,-1
2027,2027,-2
2029,2030,1
2029,2030,2
2031,2031,-1
2031,2031,-2
2032,2032,1
2033,2033,-1
2035,2035,-1
2035,2035,-2
2036,2037,1
2036,2036,2
2038,2039,-1
2040,2043,1
2040,2040,2
2043,2043,2
2044,2045,-1
2046,2046,1
2047,2050,-1
2047,2048,-2
2050,2050,-2
2051,2052,1
2051,2051,2
2054,2054,-1
2054,2054,-2
2056,2056,1
2058,2058,1
2058,2058,2
2060,2060,1
2061,2061,-1
2061,2061,-2
2062,2062,1
2063,2063,-1
2063,2063,-2
2064,2064,1
2065,2066,-1
2065,2066,-2
2069,2069,-1
2069,2069,-2
2070,2070,1
2072,2073,1
2072,2072,2
2074,2074,-1
2075,2076,1
2075,2076,2
2077,2078,-1
2078,2078,-2
2079,2081,1
2081,2081,2
2082,2082,-1
2085,2085,-1
2086,2086,1
2088,2089,1
2090,2091,-1
2091,2091,-2
2092,2093,1
2092,2092,2
2094,2094,-1
2096,2096,-1
2096,2096,-2
2097,2097,1
2097,2097,2
2098,2103,-1
2100,2100,-2
2105,2105,1
2106,2106,-1
2109,2110,1
2109,2110,2
2112,2112,-1
2112,2112,-2
2113,2113,1
2113,2113,2
2114,2114,-1
2115,2115,1
2115,2115,2
2118,2119,1
2119,2119,2
2120,2120,-1
2120,2120,-2
2121,2122,1
2124,2124,1
2126,2126,1
2126,2126,2
2127,2129,-1
2128,2129,-2
2130,2130,1
2131,2131,-1
2132,2132,1
2132,2132,2
2133,2135,-1
2133,2133,-2
2135,2135,-2
2137,2137,-1
2138,2139,1
2139,2139,2
2140,2140,-1
2140,2140,-2
2142,2145,-1
2142,2143,-2
2145,2145,-2
2146,2146,1
2147,2147,-1
2147,2147,-2
2148,2149,1
2148,2149,2
2150,2152,-1
2150,2150,-2
2152,2152,-2
2154,2155,-1
2156,2157,1
2158,2158,-1
2158,2158,-2
2159,2159,1
2160,2160,-1
2162,2162,-1
2162,2162,-2
2163,2163,1
2164,2164,-1
2166,2167,1
2168,2168,-1
2168,2168,-2
2169,2170,1
2171,2171,-1
2171,2171,-2
2173,2174,1
2176,2177,-1
2176,2176,-2
2178,2178,1
2180,2180,-1
2180,2180,-2
2181,2181,1
2183,2184,1
2183,2183,2
2185,2185,-1
2187,2190,-1
2187,2187,-2
2189,2189,-2
2191,2191,1
2191,2191,2
2192,2192,-1
2192,2192,-2
2193,2193,1
2194,2194,-1
2194,2194,-2
2195,2195,1
2196,2197,-1
2196,2197,-2
2199,2201,1
2200,2200,2
2203,2209,-1
2204,2207,-2
2209,2209,-2
2210,2211,1
2210,2210,2
2212,2212,-1
2212,2212,-2
2213,2213,1
2213,2213,2
2215,2216,-1
2215,2215,-2
2217,2217,1
2218,2222,-1
2221,2222,-2
2224,2225,-1
2224,2224,-2
2228,2232,-1
2229,2230,-2
2232,2232,-2
2233,2234,1
2234,2234,2
2235,2236,-1
2236,2236,-2
2237,2237,1
2237,2237,2
2238,2238,-1
2238,2238,-2
2239,2241,1
2241,2241,2
2242,2242,-1
2243,2243,1
2243,2243,2
2244,2245,-1
2245,2245,-2
2247,2247,-1
2248,2250,1
2248,2248,2
2251,2252,-1
2253,2253,1
2255,2255,-1
2255,2255,-2
2256,2257,1
2256,2257,2
2258,2258,-1
2259,2259,1
2260,2262,-1
2263,2266,1
2263,2263,2
2267,2268,-1
2268,2268,-2
2269,2270,1
2269,2270,2
2273,2273,-1
2273,2273,-2
2275,2275,-1
2276,2276,1
2276,2276,2
2277,2277,-1
2278,2278,1
2279,2282,-1
2282,2282,-2
2285,2285,-1
2286,2286,1
2287,2288,-1
2287,2288,-2
2289,2289,1
2289,2289,2
2290,2291,-1
2290,2290,-2
2292,2292,1
2294,2294,1
2297,2298,1
2299,2299,-1
2299,2299,-2
2300,2300,1
2300,2300,2
2302,2303,-1
2302,2303,-2
2305,2305,-1
2305,2305,-2
2306,2306,1
2307,2308,-1
2307,2307,-2
2311,2311,1
2313,2313,1
2314,2314,-1
2315,2315,1
2316,2318,-1
2316,2316,-2
2319,2322,1
2319,2319,2
2324,2325,-1
2324,2324,-2
2326,2326,1
2326,2326,2
2327,2327,-1
2329,2329,1
2330,2333,-1
2332,2332,-2
2334,2335,1
2334,2334,2
2336,2336,-1
2337,2337,1
2338,2338,-1
2338,2338,-2
2339,2339,1
2339,2339,2
2340,2341,-1
2340,2340,-2
2342,2343,1
2342,2343,2
2344,2344,-1
2348,2348,1
2348,2348,2
2349,2349,-1
2350,2352,1
2350,2350,2
2353,2354,-1
2355,2355,1
2355,2355,2
2357,2357,-1
2357,2357,-2
2358,2358,1
2358,2358,2
2360,2361,-1
2360,2361,-2
2363,2363,1
2363,2363,2
2364,2364,-1
2366,2367,1
2366,2367,2
2368,2368,-1
2368,2368,-2
2369,2370,1
2372,2372,1
2373,2373,-1
2373,2373,-2
2374,2378,1
2374,2375,2
2379,2379,-1
2379,2379,-2
2380,2380,1
2381,2383,-1
2386,2387,-1
2386,2386,-2
2389,2389,1
2390,2390,-1
2392,2392,1
2392,2392,2
2394,2394,1
2394,2394,2
2395,2395,-1
2395,2395,-2
2396,2397,1
2397,2397,2
2398,2398,-1
2399,2401,1
2399,2399,2
2403,2406,-1
2404,2404,-2
2406,2406,-2
2407,2407,1
2408,2408,-1
2410,2411,-1
2413,2414,-1
2413,2414,-2
2415,2417,1
2415,2417,2
2419,2419,-1
2421,2421,-1
2423,2423,-1
2423,2423,-2
2424,2425,1
2424,2425,2
2426,2427,-1
2426,2426,-2
2428,2428,1
2430,2430,1
2430,2430,2
2432,2432,1
2432,2432,2
2433,2433,-1
2434,2435,1
2434,2435,2
2436,2437,-1
2436,2437,-2
2438,2440,1
2438,2438,2
2442,2442,1
2443,2445,-1
2444,2445,-2
2446,2447,1
2447,2447,2
2448,2448,-1
2448,2448,-2
2449,2449,1
2449,2449,2
2450,2450,-1
2450,2450,-2
2451,2455,1
2454,2454,2
2456,2457,-1
2456,2457,-2
2458,2459,1
2462,2462,1
2463,2465,-1
2464,2464,-2
2466,2466,1
2466,2466,2
2467,2467,-1
2467,2467,-2
2470,2472,-1
2470,2472,-2
2473,2473,1
2473,2473,2
2474,2474,-1
2474,2474,-2
2475,2476,1
2476,2476,2
2477,2477,-1
2477,2477,-2
2478,2480,1
2478,2478,2
2480,2480,2
2481,2481,-1
2482,2482,1
2482,2482,2
2484,2484,-1
2485,2487,1
2489,2490,-1
2489,2489,-2
2492,2492,-1
2493,2493,1
2494,2494,-1
2494,2494,-2
2495,2497,1
2497,2497,2
2498,2502,-1
2498,2498,-2
2500,2500,-2
2503,2503,1
2504,2504,-1
2505,2507,1
2506,2506,2
2508,2508,-1
2508,2508,-2
2509,2510,1
2509,2510,2
2511,2511,-1
2512,2512,1
2513,2514,-1
2513,2513,-2
2515,2517,1
2516,2517,2
2518,2519,-1
2518,2518,-2
2520,2521,1
2520,2520,2
2522,2522,-1
2522,2522,-2
2524,2527,1
2525,2527,2
2528,2528,-1
2530,2531,-1
2530,2530,-2
2533,2533,1
2533,2533,2
2534,2535,-1
2534,2534,-2
2536,2537,1
2536,2537,2
2538,2538,-1
2538,2538,-2
2539,2541,1
2541,2541,2
2542,2542,-1
2543,2543,1
2543,2543,2
2544,2544,-1
2545,2546,1
2545,2546,2
2547,2547,-1
2547,2547,-2
2548,2548,1
2548,2548,2
2549,2549,-1
2549,2549,-2
2551,2551,-1
2551,2551,-2
2552,2552,1
2552,2552,2
2554,2554,1
2554,2554,2
2557,2559,1
2557,2557,2
2559,2559,2
2561,2561,1
2564,2564,1
2565,2565,-1
2566,2566,1
2566,2566,2
2567,2567,-1
2568,2568,1
2570,2573,1
2571,2571,2
2573,2573,2
2574,2575,-1
2576,2579,1
2578,2579,2
2580,2580,-1
2580,2580,-2
2581,2582,1
2583,2585,-1
2586,2587,1
2588,2589,-1
2589,2589,-2
2591,2592,1
2591,2592,2
2593,2597,-1
2596,2597,-2
2598,2600,1
2600,2600,2
2602,2602,1
2602,2602,2
2603,2604,-1
2603,2603,-2
2605,2605,1
2605,2605,2
2607,2608,-1
2610,2611,1
2612,2612,-1
2614,2616,1
2614,2614,2
2616,2616,2
2617,2618,-1
2618,2618,-2
2619,2619,1
2620,2622,-1
2620,2620,-2
2622,2622,-2
2625,2625,1
2625,2625,2
2627,2628,-1
2630,2630,-1
2632,2632,1
2632,2632,2
2634,2634,1
2637,2637,1
2638,2638,-1
2638,2638,-2
2640,2642,1
2641,2641,2
2643,2643,-1
2644,2644,1
2644,2644,2
2645,2645,-1
2646,2646,1
2646,2646,2
2647,2647,-1
2649,2649,-1
2649,2649,-2
2650,2650,1
2650,2650,2
2652,2652,-1
2652,2652,-2
2653,2655,1
2655,2655,2
2656,2656,-1
2656,2656,-2
2657,2659,1
2657,2659,2
2660,2661,-1
2661,2661,-2
2662,2662,1
2662,2662,2
2663,2665,-1
2663,2665,-2
2667,2670,1
2667,2669,2
2673,2673,-1
2673,2673,-2
2674,2675,1
2674,2675,2
2676,2676,-1
2676,2676,-2
2678,2682,-1
2679,2680,-2
2682,2682,-2
2683,2683,1
2684,2684,-1
2685,2687,1
2689,2689,1
2689,2689,2
2690,2691,-1
2691,2691,-2
2692,2693,1
2694,2694,-1
2694,2694,-2
2695,2697,1
2698,2698,-1
2699,2701,1
2699,2701,2
2702,2703,-1
2703,2703,-2
2705,2706,-1
2705,2705,-2
2707,2707,1
2708,2708,-1
2708,2708,-2
2710,2710,1
2712,2712,-1
2712,2712,-2
2714,2714,-1
2715,2716,1
2715,2715,2
2717,2717,-1
2719,2721,1
2720,2720,2
2722,2725,-1
2724,2724,-2
2726,2726,1
2728,2731,1
2733,2735,-1
2734,2734,-2
2737,2739,1
2739,2739,2
2740,2740,-1
2742,2742,-1
2743,2743,1
2743,2743,2
2745,2746,-1
2746,2746,-2
2748,2748,-1
2749,2750,1
2749,2749,2
2751,2751,-1
2751,2751,-2
2752,2753,1
2752,2752,2
2754,2754,-1
2755,2756,1
2756,2756,2
2757,2759,-1
2758,2759,-2
2761,2761,-1
2761,2761,-2
2763,2763,-1
2766,2771,1
2769,2769,2
2771,2771,2
2774,2776,-1
2775,2776,-2
2778,2778,1
2778,2778,2
2779,2779,-1
2780,2780,1
2780,2780,2
2781,2781,-1
2783,2783,-1
2783,2783,-2
2784,2784,1
2786,2786,-1
2787,2787,1
2788,2790,-1
2792,2792,1
2793,2797,-1
2793,2793,-2
2799,2799,1
2801,2803,1
2805,2805,-1
2805,2805,-2
2806,2806,1
2806,2806,2
2807,2808,-1
2807,2807,-2
2809,2809,1
2812,2812,1
2812,2812,2
2813,2813,-1
2813,2813,-2
2816,2817,1
2819,2819,-1
2819,2819,-2
2820,2822,1
2820,2820,2
2825,2825,-1
2825,2825,-2
2826,2826,1
2829,2829,1
2829,2829,2
2831,2832,-1
2831,2832,-2
2833,2833,1
2833,2833,2
2835,2835,-1
2837,2838,-1
2837,2837,-2
2839,2839,1
2840,2840,-1
2840,2840,-2
2841,2845,1
2843,2845,2
2846,2848,-1
2849,2849,1
2849,2849,2
2850,2851,-1
2852,2854,1
2852,2854,2
2855,2855,-1
2856,2860,1
2857,2857,2
2861,2862,-1
2862,2862,-2
2863,2865,1
2864,2865,2
2866,2866,-1
2866,2866,-2
2867,2867,1
2870,2870,1
2870,2870,2
2871,2871,-1
2871,2871,-2
2874,2875,-1
2876,2876,1
2876,2876,2
2877,2877,-1
2877,2877,-2
2878,2878,1
2879,2880,-1
2882,2882,1
2882,2882,2
2883,2884,-1
2883,2883,-2
2885,2885,1
2887,2890,1
2888,2890,2
2892,2893,1
2892,2893,2
2894,2894,-1
2894,2894,-2
2895,2897,1
2896,2896,2
2898,2904,-1
2900,2900,-2
2904,2904,-2
2905,2905,1
2905,2905,2
2906,2908,-1
2909,2909,1
2910,2914,-1
2911,2913,-2
2915,2917,1
2915,2915,2
2917,2917,2
2919,2919,1
2919,2919,2
2920,2920,-1
2920,2920,-2
2921,2921,1
2921,2921,2
2923,2924,-1
2924,2924,-2
2927,2929,-1
2927,2927,-2
2929,2929,-2
2930,2930,1
2931,2931,-1
2933,2934,1
2935,2936,-1
2938,2939,1
2939,2939,2
2940,2940,-1
2940,2940,-2
2943,2943,1
2944,2945,-1
2944,2944,-2
2947,2947,-1
2947,2947,-2
2948,2948,1
2950,2950,-1
2951,2951,1
2951,2951,2
2953,2953,1
2954,2954,-1
2955,2955,1
2956,2956,-1
2957,2957,1
2957,2957,2
2958,2959,-1
2958,2959,-2
2962,2962,1
2963,2963,-1
2963,2963,-2
2966,2966,1
2967,2972,-1
2967,2968,-2
2970,2972,-2
2973,2976,1
2977,2978,-1
2977,2977,-2
2980,2981,-1
2982,2983,1
2983,2983,2
2984,2984,-1
2985,2985,1
2985,2985,2
2986,2986,-1
2988,2988,-1
2989,2989,1
2989,2989,2
2992,2992,1
2994,2995,1
2994,2995,2
2997,2997,-1
2997,2997,-2
2998,2999,1
3001,3001,-1
3004,3005,1
3005,3005,2
3007,3007,-1
3008,3008,1
3008,3008,2
3010,3010,1
3010,3010,2
3012,3012,1
3012,3012,2
3013,3013,-1
3014,3016,1
3015,3015,2
3019,3020,-1
3019,3019,-2
3022,3023,-1
3022,3022,-2
3024,3024,1
3026,3027,-1
3026,3027,-2
3028,3029,1
3028,3028,2
3030,3030,-1
3032,3033,-1
3032,3033,-2
3035,3035,-1
3036,3036,1
3037,3037,-1
3038,3040,1
3040,3040,2
3041,3042,-1
3041,3042,-2
3043,3043,1
3045,3047,-1
3049,3050,-1
3050,3050,-2
3051,3052,1
3051,3051,2
3053,3055,-1
3053,3053,-2
3055,3055,-2
3056,3056,1
3056,3056,2
3057,3057,-1
3057,3057,-2
3059,3059,1
3059,3059,2
3060,3062,-1
3060,3060,-2
3062,3062,-2
3063,3064,1
3066,3066,-1
3066,3066,-2
3068,3070,-1
3068,3068,-2
3071,3072,1
3072,3072,2
3075,3075,1
3075,3075,2
3076,3076,-1
3077,3078,1
3080,3080,-1
3082,3082,-1
3082,3082,-2
3083,3084,1
3084,3084,2
3085,3085,-1
3085,3085,-2
3086,3088,1
3087,3088,2
3089,3089,-1
3090,3092,1
3090,3090,2
3092,3092,2
3094,3094,1
3095,3096,-1
3095,3096,-2
3097,3097,1
3099,3099,-1
3099,3099,-2
3100,3103,1
3101,3101,2
3104,3105,-1
3105,3105,-2
3106,3107,1
3107,3107,2
3110,3110,1
3110,3110,2
3111,3111,-1
3111,3111,-2
3112,3112,1
3115,3117,-1
3115,3117,-2
3119,3119,1
3120,3120,-1
3122,3122,-1
3123,3124,1
3123,3123,2
3125,3126,-1
3125,3126,-2
3127,3128,1
3128,3128,2
3129,3129,-1
3129,3129,-2
3130,3131,1
3132,3132,-1
3132,3132,-2
3133,3133,1
3134,3134,-1
3134,3134,-2
3135,3135,1
3137,3137,1
3138,3138,-1
3139,3139,1
3139,3139,2
3141,3145,-1
3141,3141,-2
3144,3144,-2
3147,3147,1
3147,3147,2
3148,3148,-1
3148,3148,-2
3150,3150,1
3150,3150,2
3152,3154,-1
3153,3153,-2
3155,3162,1
3155,3155,2
3157,3157,2
3160,3161,2
3165,3165,1
3165,3165,2
3166,3167,-1
3167,3167,-2
3168,3168,1
3170,3170,1
3170,3170,2
3173,3173,-1
3174,3174,1
3174,3174,2
3176,3176,-1
3176,3176,-2
3177,3177,1
3178,3180,-1
3181,3181,1
3181,3181,2
3183,3183,-1
3186,3188,1
3189,3189,-1
3190,3191,1
3190,3191,2
3193,3193,-1
3193,3193,-2
3194,3194,1
3194,3194,2
3195,3195,-1
3195,3195,-2
3198,3198,-1
3199,3202,1
3199,3202,2
3203,3203,-1
3203,3203,-2
3204,3204,1
3204,3204,2
3206,3206,-1
3206,3206,-2
3207,3207,1
3209,3210,-1
3211,3212,1
3212,3212,2
3213,3213,-1
3214,3214,1
3216,3216,-1
3217,3217,1
3218,3220,-1
3221,3221,1
3222,3222,-1
3224,3224,1
3224,3224,2
3226,3226,1
3226,3226,2
3227,3227,-1
3227,3227,-2
3228,3228,1
3228,3228,2
3229,3230,-1
3229,3229,-2
3231,3231,1
3233,3233,-1
3234,3234,1
3234,3234,2
3235,3236,-1
3238,3238,-1
3238,3238,-2
3239,3239,1
3239,3239,2
3240,3241,-1
3240,3241,-2
3242,3242,1
3242,3242,2
3244,3246,1
3244,3244,2
3246,3246,2
3247,3247,-1
3247,3247,-2
3248,3248,1
3249,3249,-1
3251,3251,-1
3251,3251,-2
3252,3252,1
3253,3257,-1
3253,3254,-2
3257,3257,-2
3258,3259,1
3259,3259,2
3260,3261,-1
3261,3261,-2
3264,3264,1
3264,3264,2
3267,3268,-1
3267,3267,-2
3272,3272,1
3273,3273,-1
3275,3275,-1
3276,3277,1
3277,3277,2
3278,3278,-1
3282,3282,-1
3283,3283,1
3287,3289,1
3289,3289,2
3290,3291,-1
3293,3297,-1
3293,3297,-2
3298,3298,1
3298,3298,2
3299,3302,-1
3299,3299,-2
3303,3303,1
3303,3303,2
3304,3304,-1
3305,3305,1
3305,3305,2
3307,3308,1
3308,3308,2
3309,3309,-1
3309,3309,-2
3311,3311,1
3312,3312,-1
3312,3312,-2
3313,3313,1
3313,3313,2
3314,3315,-1
3314,3314,-2
3316,3316,1
3317,3321,-1
3318,3319,-2
3321,3321,-2
3322,3322,1
3323,3325,-1
3323,3323,-2
3326,3327,1
3326,3326,2
3328,3328,-1
3329,3331,1
3332,3333,-1
3333,3333,-2
3334,3334,1
3335,3335,-1
3336,3336,1
3336,3336,2
3337,3339,-1
3337,3339,-2
3340,3340,1
3340,3340,2
3341,3341,-1
3343,3343,1
3344,3344,-1
3345,3346,1
3346,3346,2
3348,3348,1
3349,3349,-1
3351,3351,1
3353,3353,1
3355,3355,-1
3355,3355,-2
3358,3361,-1
3358,3359,-2
3361,3361,-2
3363,3363,1
3365,3367,1
3366,3367,2
3368,3368,-1
3370,3370,-1
3370,3370,-2
3372,3372,1
3372,3372,2
3373,3374,-1
3373,3374,-2
3375,3375,1
3375,3375,2
3377,3378,-1
3377,3378,-2
3379,3379,1
3381,3381,1
3381,3381,2
3384,3385,1
3386,3386,-1
3386,3386,-2
3388,3388,-1
3390,3392,-1
3390,3390,-2
3392,3392,-2
3393,3394,1
3394,3394,2
3395,3397,-1
3396,3397,-2
3398,3398,1
3399,3399,-1
3400,3402,1
3401,3402,2
3403,3404,-1
3403,3404,-2
3405,3405,1
3405,3405,2
3406,3406,-1
3406,3406,-2
3407,3407,1
3407,3407,2
3409,3409,1
3409,3409,2
3410,3410,-1
3410,3410,-2
3413,3413,1
3415,3415,-1
3415,3415,-2
3417,3417,1
3418,3418,-1
3418,3418,-2
3420,3421,1
3420,3421,2
3423,3423,-1
3424,3425,1
3425,3425,2
3426,3426,-1
3428,3428,-1
3428,3428,-2
3429,3429,1
3431,3431,1
3431,3431,2
3432,3434,-1
3432,3432,-2
3434,3434,-2
3436,3436,-1
3437,3437,1
3439,3439,1
3439,3439,2
3442,3442,1
3442,3442,2
3444,3444,1
3445,3445,-1
3447,3447,-1
3450,3454,1
3452,3452,2
3456,3457,-1
3457,3457,-2
3458,3458,1
3458,3458,2
3459,3460,-1
3459,3459,-2
3461,3461,1
3462,3462,-1
3463,3464,1
3465,3466,-1
3466,3466,-2
3467,3467,1
3468,3469,-1
3470,3470,1
3471,3473,-1
3472,3473,-2
3474,3477,1
3475,3476,2
3478,3478,-1
3478,3478,-2
3479,3479,1
3480,3481,-1
3481,3481,-2
3483,3483,-1
3484,3484,1
3485,3485,-1
3485,3485,-2
3487,3487,-1
3487,3487,-2
3490,3491,-1
3491,3491,-2
3493,3493,1
3493,3493,2
3494,3496,-1
3496,3496,-2
3497,3502,1
3498,3499,2
3504,3504,-1
3506,3506,1
3507,3508,-1
3508,3508,-2
3509,3509,1
3511,3511,-1
3511,3511,-2
3512,3513,1
3512,3513,2
3514,3516,-1
3514,3515,-2
3517,3517,1
3517,3517,2
3518,3519,-1
3519,3519,-2
3520,3521,1
3520,3520,2
3523,3526,-1
3525,3525,-2
3527,3527,1
3528,3529,-1
3528,3528,-2
3530,3533,1
3533,3533,2
3534,3534,-1
3534,3534,-2
3535,3535,1
3535,3535,2
3536,3536,-1
3536,3536,-2
3537,3537,1
3538,3540,-1
3538,3538,-2
3540,3540,-2
3541,3541,1
3541,3541,2
3542,3542,-1
3543,3543,1
3544,3545,-1
3547,3548,-1
3547,3548,-2
3549,3551,1
3550,3550,2
3553,3553,-1
3553,3553,-2
3554,3554,1
3555,3557,-1
3556,3556,-2
3558,3561,1
3558,3558,2
3561,3561,2
3563,3563,1
3563,3563,2
3565,3565,-1
3566,3566,1
3566,3566,2
3567,3570,-1
3571,3571,1
3571,3571,2
3572,3572,-1
3572,3572,-2
3573,3573,1
3573,3573,2
3574,3576,-1
3575,3576,-2
3577,3577,1
3578,3581,-1
3579,3580,-2
3582,3582,1
3582,3582,2
3584,3584,1
3584,3584,2
3587,3588,1
3588,3588,2
3589,3590,-1
3589,3589,-2
3592,3592,-1
3593,3594,1
3594,3594,2
3595,3595,-1
3595,3595,-2
3596,3597,1
3598,3598,-1
3598,3598,-2
3599,3599,1
3600,3602,-1
3604,3606,-1
3606,3606,-2
3607,3607,1
3607,3607,2
3608,3608,-1
3608,3608,-2
3609,3609,1
3610,3610,-1
3612,3612,1
3613,3613,-1
3615,3616,-1
3615,3616,-2
3617,3619,1
3618,3619,2
3621,3621,1
3621,3621,2
3622,3624,-1
3622,3624,-2
3625,3625,1
3627,3627,1
3627,3627,2
3628,3629,-1
3629,3629,-2
3630,3630,1
3631,3637,-1
3633,3637,-2
3638,3639,1
3638,3639,2
3640,3640,-1
3641,3642,1
3644,3644,-1
3645,3645,1
3645,3645,2
3646,3646,-1
3647,3647,1
3649,3650,-1
3649,3650,-2
3652,3652,1
3653,3653,-1
3653,3653,-2
3654,3655,1
3654,3654,2
3657,3657,1
3658,3658,-1
3659,3661,1
3660,3660,2
3662,3662,-1
3662,3662,-2
3665,3665,1
3666,3666,-1
3666,3666,-2
3668,3670,1
3668,3669,2
3671,3674,-1
3671,3671,-2
3673,3673,-2
3675,3675,1
3676,3676,-1
3677,3680,1
3678,3678,2
3682,3682,-1
3682,3682,-2
3683,3683,1
3684,3685,-1
3684,3684,-2
3686,3687,1
3686,3686,2
3690,3691,1
3691,3691,2
3693,3693,-1
3694,3694,1
3695,3695,-1
3695,3695,-2
3696,3697,1
3697,3697,2
3698,3699,-1
3698,3699,-2
3700,3700,1
3700,3700,2
3702,3702,-1
3703,3705,1
3704,3704,2
3706,3706,-1
3706,3706,-2
3707,3707,1
3708,3708,-1
3708,3708,-2
3709,3710,1
3709,3709,2
3711,3713,-1
3711,3712,-2
3714,3714,1
3714,3714,2
3716,3718,-1
3717,3717,-2
3719,3719,1
3720,3723,-1
3723,3723,-2
3725,3725,1
3725,3725,2
3726,3727,-1
3726,3726,-2
3728,3728,1
3728,3728,2
3730,3730,-1
3730,3730,-2
3732,3733,1
3732,3732,2
3735,3738,1
3737,3737,2
3739,3739,-1
3740,3741,1
3740,3741,2
3742,3742,-1
3742,3742,-2
3743,3745,1
3745,3745,2
3748,3748,-1
3750,3753,1
3750,3752,2
3754,3754,-1
3756,3756,-1
3757,3757,1
3758,3758,-1
3758,3758,-2
3759,3759,1
3760,3760,-1
3760,3760,-2
3762,3764,-1
3762,3762,-2
3765,3765,1
3765,3765,2
3766,3767,-1
3766,3766,-2
3768,3768,1
3769,3770,-1
3769,3770,-2
3771,3772,1
3771,3771,2
3773,3773,-1
3774,3774,1
3775,3775,-1
3775,3775,-2
3776,3776,1
3777,3779,-1
3777,3777,-2
3780,3780,1
3780,3780,2
3782,3784,-1
3783,3784,-2
3785,3785,1
3785,3785,2
3786,3787,-1
3788,3788,1
3790,3791,-1
3790,3791,-2
3792,3792,1
3793,3793,-1
3793,3793,-2
3795,3795,-1
3795,3795,-2
3796,3796,1
3798,3798,-1
3798,3798,-2
3801,3801,-1
3801,3801,-2
3802,3802,1
3803,3803,-1
3803,3803,-2
3804,3804,1
3808,3808,1
3809,3812,-1
3809,3809,-2
3813,3813,1
3814,3814,-1
3815,3816,1
3815,3816,2
3817,3817,-1
3817,3817,-2
3819,3822,-1
3819,3822,-2
3823,3823,1
3823,3823,2
3824,3825,-1
3825,3825,-2
3826,3826,1
3826,3826,2
3829,3829,1
3829,3829,2
3832,3832,1
3833,3833,-1
3835,3836,1
3835,3836,2
3838,3839,-1
3838,3838,-2
3840,3841,1
3840,3841,2
3842,3843,-1
3844,3844,1
3844,3844,2
3845,3847,-1
3845,3845,-2
3848,3850,1
3850,3850,2
3851,3851,-1
3851,3851,-2
3854,3855,-1
3854,3854,-2
3857,3861,1
3858,3858,2
3861,3861,2
3863,3863,-1
3863,3863,-2
3864,3864,1
3865,3868,-1
3866,3866,-2
3869,3869,1
3870,3870,-1
3873,3873,1
3874,3875,-1
3874,3875,-2
3876,3876,1
3876,3876,2
3877,3877,-1
3877,3877,-2
3878,3878,1
3879,3882,-1
3879,3879,-2
3881,3881,-2
3883,3884,1
3883,3883,2
3885,3885,-1
3885,3885,-2
3887,3887,-1
3888,3888,1
3889,3889,-1
3889,3889,-2
3890,3891,1
3890,3891,2
3893,3894,-1
3893,3893,-2
3895,3897,1
3896,3896,2
3898,3898,-1
3898,3898,-2
3900,3900,1
3900,3900,2
3902,3902,1
3903,3903,-1
3903,3903,-2
3904,3905,1
3906,3906,-1
3907,3908,1
3909,3909,-1
3909,3909,-2
3910,3910,1
3910,3910,2
3912,3913,1
3915,3916,-1
3917,3919,1
3918,3918,2
3920,3920,-1
3920,3920,-2
3921,3921,1
3921,3921,2
3922,3922,-1
3923,3923,1
3923,3923,2
3924,3924,-1
3924,3924,-2
3925,3925,1
3926,3926,-1
3926,3926,-2
3927,3927,1
3928,3931,-1
3930,3930,-2
3933,3933,1
3933,3933,2
3935,3936,-1
3935,3936,-2
3937,3937,1
3938,3939,-1
3938,3939,-2
3940,3940,1
3941,3942,-1
3941,3941,-2
3943,3944,1
3943,3943,2
3945,3946,-1
3945,3946,-2
3947,3949,1
3948,3949,2
3951,3952,1
3951,3952,2
3955,3955,-1
3956,3956,1
3956,3956,2
3957,3958,-1
3958,3958,-2
3960,3960,-1
3960,3960,-2
3961,3961,1
3963,3963,-1
3963,3963,-2
3965,3965,1
3967,3967,-1
3967,3967,-2
3968,3970,1
3968,3970,2
3972,3973,-1
3973,3973,-2
3974,3974,1
3976,3976,-1
3977,3978,1
3978,3978,2
3979,3979,-1
3980,3980,1
3980,3980,2
3981,3982,-1
3982,3982,-2
3983,3983,1
3983,3983,2
3984,3987,-1
3984,3986,-2
3988,3988,1
3990,3990,-1
3993,3993,1
3994,3995,-1
3995,3995,-2
3998,3998,-1
3998,3998,-2
3999,3999,1
3999,3999,2
4000,4000,-1
4001,4003,1
4002,4002,2
4004,4006,-1
4004,4005,-2
4007,4008,1
4009,4010,-1
4009,4009,-2
4011,4011,1
4011,4011,2
4012,4012,-1
4013,4013,1
4013,4013,2
4014,4014,-1
4016,4016,-1
4016,4016,-2
4017,4017,1
4018,4018,-1
4018,4018,-2
4020,4020,1
4020,4020,2
4021,4021,-1
4022,4024,1
4023,4023,2
4026,4026,-1
4026,4026,-2
4027,4029,1
4027,4028,2
4030,4031,-1
4030,4031,-2
4032,4032,1
4034,4035,-1
4034,4034,-2
4036,4037,1
4038,4042,-1
4041,4041,-2
4043,4044,1
4043,4044,2
4045,4046,-1
4047,4047,1
4047,4047,2
4048,4048,-1
4048,4048,-2
4049,4050,1
4049,4049,2
4052,4052,-1
4052,4052,-2
4053,4053,1
4053,4053,2
4054,4056,-1
4054,4056,-2
4057,4057,1
4057,4057,2
4058,4058,-1
4058,4058,-2
4062,4063,-1
4062,4063,-2
4065,4065,-1
4065,4065,-2
4067,4067,-1
4067,4067,-2
4069,4072,1
4070,4072,2
4073,4073,-1
4074,4074,1
4074,4074,2
4075,4075,-1
4076,4079,1
4076,4076,2
4080,4080,-1
4080,4080,-2
4081,4082,1
4082,4082,2
4083,4084,-1
4085,4090,1
4085,4086,2
4088,4088,2
4090,4090,2
4091,4091,-1
4093,4093,1
4093,4093,2
4094,4095,-1
4096,4096,1
4098,4100,-1
4099,4100,-2
4102,4102,-1
4103,4104,1
4104,4104,2
4105,4106,-1
4105,4105,-2
4108,4108,1
4108,4108,2
4110,4110,1
4112,4114,-1
4112,4114,-2
4115,4115,1
4115,4115,2
4117,4117,1
4119,4119,1
4119,4119,2
4120,4121,-1
4120,4121,-2
4123,4125,1
4124,4124,2
4126,4126,-1
4127,4127,1
4128,4128,-1
4128,4128,-2
4130,4130,-1
4130,4130,-2
4131,4132,1
4131,4132,2
4133,4133,-1
4133,4133,-2
4134,4134,1
4136,4137,1
4136,4137,2
4138,4138,-1
4138,4138,-2
4139,4139,1
4140,4140,-1
4140,4140,-2
4142,4143,-1
4142,4142,-2
4146,4146,1
4146,4146,2
4148,4149,-1
4148,4149,-2
4150,4150,1
4151,4152,-1
4153,4153,1
4154,4156,-1
4155,4155,-2
4157,4157,1
4158,4158,-1
4158,4158,-2
4160,4160,1
4161,4161,-1
4161,4161,-2
4162,4163,1
4164,4164,-1
4164,4164,-2
4165,4165,1
4166,4167,-1
4166,4166,-2
4168,4168,1
4169,4170,-1
4169,4169,-2
4172,4177,1
4173,4173,2
4177,4177,2
4178,4179,-1
4180,4181,1
4182,4182,-1
4185,4186,1
4185,4185,2
4187,4187,-1
4187,4187,-2
4188,4189,1
4188,4188,2
4190,4191,-1
4190,4191,-2
4192,4197,1
4193,4194,2
4196,4197,2
4198,4198,-1
4199,4199,1
4200,4200,-1
4200,4200,-2
4202,4202,1
4202,4202,2
4206,4208,-1
4206,4207,-2
4210,4210,-1
4210,4210,-2
4211,4211,1
4213,4214,1
4216,4217,-1
4218,4219,1
4219,4219,2
4220,4221,-1
4220,4221,-2
4224,4227,-1
4224,4224,-2
4226,4226,-2
4229,4229,1
4229,4229,2
4230,4230,-1
4231,4234,1
4236,4239,1
4236,4236,2
4238,4239,2
4241,4241,1
4241,4241,2
4244,4244,1
4245,4246,-1
4249,4252,-1
4249,4251,-2
4254,4255,1
4254,4255,2
4257,4258,1
4259,4260,-1
4260,4260,-2
4261,4262,1
4262,4262,2
4264,4264,-1
4264,4264,-2
4266,4267,-1
4268,4269,1
4269,4269,2
4270,4272,-1
4271,4272,-2
4274,4274,1
4274,4274,2
4276,4276,-1
4276,4276,-2
4278,4278,1
4279,4280,-1
4279,4279,-2
4281,4281,1
4281,4281,2
4283,4283,1
4283,4283,2
4284,4284,-1
4286,4287,-1
4287,4287,-2
4289,4289,-1
4289,4289,-2
4290,4290,1
4291,4291,-1
4292,4293,1
4292,4292,2
4294,4294,-1
4294,4294,-2
4296,4297,-1
4297,4297,-2
4299,4299,1
4299,4299,2
4300,4300,-1
4301,4301,1
4301,4301,2
4304,4306,1
4304,4306,2
4308,4309,1
4310,4310,-1
4311,4311,1
4312,4312,-1
4314,4314,-1
4315,4316,1
4315,4316,2
4318,4318,1
4318,4318,2
4319,4319,-1
4319,4319,-2
4320,4320,1
4321,4324,-1
4321,4321,-2
4323,4324,-2
4325,4326,1
4327,4327,-1
4327,4327,-2
4328,4328,1
4328,4328,2
4329,4329,-1
4329,4329,-2
4330,4330,1
4330,4330,2
4331,4334,-1
4331,4333,-2
4335,4335,1
4335,4335,2
4336,4336,-1
4336,4336,-2
4339,4340,-1
4340,4340,-2
4341,4341,1
4341,4341,2
4342,4344,-1
4342,4343,-2
4345,4345,1
4345,4345,2
4346,4347,-1
4346,4347,-2
4349,4349,1
4350,4350,-1
4351,4351,1
4352,4353,-1
4354,4355,1
4356,4356,-1
4357,4357,1
4357,4357,2
4359,4359,1
4360,4362,-1
4361,4361,-2
4363,4364,1
4363,4363,2
4365,4367,-1
4365,4365,-2
4367,4367,-2
4368,4369,1
4369,4369,2
4371,4372,1
4372,4372,2
4374,4374,1
4374,4374,2
4375,4375,-1
4376,4377,1
4376,4376,2
4378,4379,-1
4378,4378,-2
4380,4380,1
4382,4382,-1
4383,4387,1
4383,4384,2
4386,4386,2
4389,4390,-1
4389,4390,-2
4391,4391,1
4391,4391,2
4393,4393,1
4395,4395,1
4397,4398,-1
4399,4402,1
4399,4399,2
4401,4402,2
4403,4403,-1
4404,4404,1
4406,4406,-1
4406,4406,-2
4408,4409,-1
4410,4410,1
4410,4410,2
4412,4412,1
4412,4412,2
4413,4413,-1
4413,4413,-2
4414,4414,1
4416,4416,1
4416,4416,2
4417,4417,-1
4419,4419,-1
4419,4419,-2
4420,4421,1
4420,4421,2
4423,4424,-1
4426,4426,1
4427,4430,-1
4427,4430,-2
4431,4432,1
4432,4432,2
4433,4433,-1
4436,4436,-1
4437,4437,1
4438,4439,-1
4440,4440,1
4441,4441,-1
4442,4448,1
4442,4442,2
4444,4444,2
4446,4446,2
4451,4455,1
4452,4452,2
4454,4455,2
4456,4457,-1
4456,4456,-2
4459,4459,1
4459,4459,2
4460,4461,-1
4461,4461,-2
4463,4464,-1
4465,4467,1
4466,4467,2
4469,4469,-1
4469,4469,-2
4470,4470,1
4472,4473,1
4475,4475,-1
4476,4476,1
4476,4476,2
4477,4477,-1
4478,4478,1
4478,4478,2
4480,4481,-1
4480,4481,-2
4483,4484,1
4484,4484,2
4488,4490,1
4489,4489,2
4491,4491,-1
4491,4491,-2
4492,4492,1
4492,4492,2
4494,4497,-1
4494,4494,-2
4496,4497,-2
4498,4498,1
4500,4500,-1
4501,4501,1
4501,4501,2
4502,4502,-1
4503,4503,1
4504,4505,-1
4504,4505,-2
4506,4506,1
4506,4506,2
4508,4510,-1
4511,4511,1
4511,4511,2
4513,4514,1
4515,4515,-1
4516,4517,1
4516,4516,2
4518,4518,-1
4519,4519,1
4519,4519,2
4520,4522,-1
4520,4521,-2
4523,4523,1
4524,4524,-1
4525,4525,1
4526,4526,-1
4526,4526,-2
4527,4528,1
4527,4528,2
4529,4531,-1
4530,4531,-2
4532,4532,1
4534,4534,-1
4536,4540,-1
4536,4536,-2
4538,4538,-2
4540,4540,-2
4542,4542,1
4543,4543,-1
4543,4543,-2
4544,4544,1
4545,4548,-1
4548,4548,-2
4549,4549,1
4551,4551,1
4551,4551,2
4553,4553,1
4556,4558,1
4556,4556,2
4559,4560,-1
4559,4559,-2
4561,4561,1
4562,4562,-1
4563,4563,1
4564,4564,-1
4565,4565,1
4565,4565,2
4566,4566,-1
4567,4567,1
4568,4568,-1
4568,4568,-2
4570,4570,-1
4571,4571,1
4571,4571,2
4572,4572,-1
4574,4574,-1
4574,4574,-2
4575,4575,1
4575,4575,2
4576,4576,-1
4576,4576,-2
4578,4579,1
4580,4580,-1
4582,4582,-1
4583,4584,1
4585,4585,-1
4585,4585,-2
4586,4588,1
4586,4586,2
4589,4589,-1
4591,4591,-1
4591,4591,-2
4592,4592,1
4594,4595,-1
4598,4599,1
4599,4599,2
4601,4601,1
4602,4602,-1
4602,4602,-2
4603,4603,1
4604,4604,-1
4605,4605,1
4605,4605,2
4606,4606,-1
4606,4606,-2
4607,4607,1
4607,4607,2
4608,4608,-1
4608,4608,-2
4610,4611,-1
4611,4611,-2
4613,4613,1
4616,4618,-1
4616,4616,-2
4618,4618,-2
4619,4619,1
4619,4619,2
4620,4620,-1
4620,4620,-2
4622,4622,-1
4624,4624,1
4625,4626,-1
4626,4626,-2
4627,4627,1
4630,4630,-1
4632,4632,1
4633,4633,-1
4635,4636,1
4635,4635,2
4637,4642,-1
4637,4639,-2
4642,4642,-2
4643,4643,1
4643,4643,2
4644,4644,-1
4644,4644,-2
4645,4645,1
4646,4647,-1
4646,4646,-2
4649,4650,-1
4651,4651,1
4652,4652,-1
4652,4652,-2
4654,4655,1
4654,4654,2
4656,4656,-1
4658,4658,1
4660,4660,-1
4660,4660,-2
4661,4662,1
4663,4663,-1
4665,4665,1
4666,4666,-1
4666,4666,-2
4667,4668,1
4667,4668,2
4670,4670,-1
4670,4670,-2
4672,4672,-1
4674,4674,1
4674,4674,2
4676,4676,1
4676,4676,2
4678,4679,-1
4678,4678,-2
4682,4682,-1
4682,4682,-2
4683,4683,1
4683,4683,2
4684,4685,-1
4684,4685,-2
4686,4686,1
4686,4686,2
4687,4688,-1
4687,4687,-2
4689,4689,1
4691,4691,1
4691,4691,2
4693,4697,1
4695,4695,2
4699,4702,1
4699,4701,2
4703,4704,-1
4705,4706,1
4707,4708,-1
4708,4708,-2
4709,4710,1
4709,4710,2
4711,4711,-1
4711,4711,-2
4712,4715,1
4713,4715,2
4716,4716,-1
4717,4717,1
4717,4717,2
4719,4719,1
4719,4719,2
4721,4724,-1
4721,4723,-2
4725,4726,1
4727,4727,-1
4727,4727,-2
4728,4730,1
4729,4730,2
4731,4732,-1
4731,4732,-2
4734,4734,1
4734,4734,2
4737,4737,-1
4737,4737,-2
4738,4738,1
4738,4738,2
4740,4740,-1
4742,4742,-1
4743,4743,1
4744,4744,-1
4744,4744,-2
4745,4745,1
4745,4745,2
4746,4746,-1
4747,4747,1
4747,4747,2
4748,4750,-1
4751,4751,1
4754,4755,1
4754,4755,2
4757,4758,1
4758,4758,2
4759,4760,-1
4759,4760,-2
4761,4761,1
4763,4763,1
4764,4764,-1
4764,4764,-2
4765,4766,1
4765,4766,2
4767,4768,-1
4768,4768,-2
4770,4770,-1
4770,4770,-2
4771,4771,1
4771,4771,2
4772,4772,-1
4773,4773,1
4774,4774,-1
4775,4775,1
4775,4775,2
4776,4778,-1
4779,4779,1
4779,4779,2
4780,4781,-1
4780,4780,-2
4782,4783,1
4782,4782,2
4784,4784,-1
4785,4785,1
4785,4785,2
4787,4787,-1
4788,4788,1
4789,4790,-1
4790,4790,-2
4791,4791,1
4793,4794,1
4795,4795,-1
4796,4796,1
4796,4796,2
4797,4797,-1
4798,4800,1
4799,4800,2
4801,4801,-1
4801,4801,-2
4803,4803,-1
4803,4803,-2
4804,4804,1
4804,4804,2
4805,4807,-1
4806,4806,-2
4808,4808,1
4809,4809,-1
4810,4810,1
4811,4811,-1
4811,4811,-2
4812,4812,1
4815,4818,1
4816,4817,2
4820,4821,1
4821,4821,2
4822,4822,-1
4822,4822,-2
4824,4824,1
4825,4827,-1
4825,4825,-2
4827,4827,-2
4828,4830,1
4829,4829,2
4831,4831,-1
4831,4831,-2
4832,4832,1
4833,4833,-1
4836,4836,1
4836,4836,2
4837,4838,-1
4837,4837,-2
4840,4841,-1
4841,4841,-2
4842,4842,1
4847,4848,-1
4847,4848,-2
4849,4850,1
4849,4849,2
4853,4854,-1
4855,4855,1
4857,4859,-1
4857,4858,-2
4861,4863,1
4861,4863,2
4864,4864,-1
4866,4866,-1
4868,4869,-1
4868,4869,-2
4870,4870,1
4870,4870,2
4871,4871,-1
4873,4877,-1
4874,4874,-2
4876,4877,-2
4878,4880,1
4879,4880,2
4882,4883,1
4883,4883,2
4884,4884,-1
4884,4884,-2
4886,4888,1
4886,4887,2
4889,4889,-1
4889,4889,-2
4892,4892,1
4892,4892,2
4894,4894,-1
4894,4894,-2
4895,4896,1
4895,4895,2
4897,4897,-1
4898,4898,1
4900,4900,1
4900,4900,2
4901,4901,-1
4901,4901,-2
4902,4903,1
4904,4906,-1
4907,4907,1
4908,4909,-1
4909,4909,-2
4910,4910,1
4912,4913,1
4912,4912,2
4914,4914,-1
4914,4914,-2
4916,4917,1
4916,4916,2
4918,4919,-1
4920,4924,1
4920,4920,2
4922,4924,2
4925,4926,-1
4928,4928,-1
4928,4928,-2
4929,4930,1
4929,4930,2
4931,4933,-1
4933,4933,-2
4935,4937,-1
4939,4941,-1
4939,4941,-2
4943,4943,-1
4943,4943,-2
4944,4946,1
4947,4950,-1
4947,4950,-2
4952,4952,1
4953,4953,-1
4955,4957,1
4956,4956,2
4959,4959,-1
4960,4961,1
4963,4964,-1
4963,4964,-2
4965,4965,1
4966,4967,-1
4967,4967,-2
4968,4968,1
4970,4970,1
4970,4970,2
4972,4972,-1
4972,4972,-2
4974,4974,-1
4974,4974,-2
4975,4976,1
4975,4976,2
4977,4979,-1
4978,4979,-2
4981,4981,-1
4982,4984,1
4984,4984,2
4985,4985,-1
4985,4985,-2
4986,4987,1
4989,4989,-1
4989,4989,-2
4991,4992,1
4994,4994,1
4994,4994,2
4995,4996,-1
4995,4996,-2
4997,4997,1
5000,5004,-1
5002,5003,-2
5005,5005,1
5005,5005,2
5006,5006,-1
5007,5010,1
5007,5007,2
5011,5011,-1
5011,5011,-2
5012,5012,1
5013,5013,-1
5014,5014,1
5014,5014,2
5015,5016,-1
5017,5018,1
5017,5017,2
5019,5019,-1
5020,5020,1
5022,5022,-1
5022,5022,-2
5024,5024,-1
5025,5025,1
5026,5027,-1
5029,5029,1
5030,5030,-1
5030,5030,-2
5031,5032,1
5032,5032,2
5034,5035,1
5035,5035,2
5036,5036,-1
5037,5037,1
5037,5037,2
5038,5038,-1
5039,5041,1
5039,5039,2
5043,5043,-1
5048,5048,-1
5048,5048,-2
5050,5050,1
5052,5052,-1
5054,5054,-1
5056,5056,1
5056,5056,2
5057,5057,-1
5058,5058,1
5058,5058,2
5061,5062,-1
5062,5062,-2
5064,5065,-1
5065,5065,-2
5066,5066,1
5066,5066,2
5068,5068,-1
5070,5070,-1
5071,5071,1
5072,5073,-1
5073,5073,-2
5075,5077,-1
5075,5075,-2
5079,5079,1
5079,5079,2
5080,5080,-1
5081,5081,1
5081,5081,2
5083,5083,1
5084,5084,-1
5085,5085,1
5086,5086,-1
5087,5087,1
5089,5092,-1
5090,5092,-2
5093,5093,1
5094,5094,-1
5094,5094,-2
5096,5096,1
5096,5096,2
5097,5097,-1
5098,5100,1
5099,5100,2
5102,5102,-1
5103,5103,1
5105,5105,1
5105,5105,2
5106,5107,-1
5106,5107,-2
5108,5108,1
5109,5109,-1
5110,5111,1
5113,5113,1
5114,5115,-1
5115,5115,-2
5116,5117,1
5116,5116,2
5118,5118,-1
5118,5118,-2
5121,5121,-1
5121,5121,-2
5122,5123,1
5122,5122,2
5124,5125,-1
5127,5128,-1
5128,5128,-2
5129,5134,1
5129,5132,2
5134,5134,2
5135,5135,-1
5137,5138,1
5137,5138,2
5139,5139,-1
5140,5142,1
5141,5141,2
5143,5144,-1
5145,5145,1
5145,5145,2
5146,5147,-1
5146,5147,-2
5149,5150,-1
5149,5149,-2
5151,5153,1
5151,5152,2
5154,5154,-1
5155,5155,1
5157,5158,-1
5158,5158,-2
5159,5160,1
5160,5160,2
5162,5163,-1
5164,5164,1
5165,5165,-1
5165,5165,-2
5167,5168,-1
5167,5168,-2
5170,5171,1
5174,5174,1
5174,5174,2
5176,5177,1
5176,5176,2
5178,5178,-1
5178,5178,-2
5179,5179,1
5179,5179,2
5181,5181,-1
5182,5182,1
5182,5182,2
5183,5183,-1
5183,5183,-2
5184,5185,1
5185,5185,2
5186,5187,-1
5186,5186,-2
5189,5192,-1
5189,5192,-2
5194,5200,-1
5194,5196,-2
5200,5200,-2
5201,5201,1
5201,5201,2
5202,5202,-1
5203,5203,1
5204,5205,-1
5204,5204,-2
5206,5206,1
5206,5206,2
5207,5209,-1
5207,5207,-2
5209,5209,-2
5210,5213,1
5210,5211,2
5213,5213,2
5215,5216,-1
5215,5215,-2
5219,5219,1
5219,5219,2
5220,5220,-1
5220,5220,-2
5221,5222,1
5222,5222,2
5223,5223,-1
5223,5223,-2
5225,5227,-1
5225,5225,-2
5228,5228,1
5229,5229,-1
5230,5231,1
5230,5230,2
5233,5233,-1
5233,5233,-2
5234,5237,1
5236,5236,2
5240,5241,1
5241,5241,2
5243,5243,1
5244,5245,-1
5244,5244,-2
5246,5246,1
5250,5250,-1
5253,5253,-1
5253,5253,-2
5254,5254,1
5255,5255,-1
5255,5255,-2
5256,5257,1
5256,5257,2
5260,5262,1
5260,5260,2
5262,5262,2
5264,5264,1
5264,5264,2
5266,5268,-1
5267,5268,-2
5269,5269,1
5270,5273,-1
5270,5270,-2
5272,5272,-2
5274,5275,1
5274,5275,2
5276,5278,-1
5278,5278,-2
5281,5281,-1
5281,5281,-2
5282,5282,1
5284,5284,1
5284,5284,2
5286,5286,1
5287,5287,-1
5287,5287,-2
5288,5288,1
5288,5288,2
5289,5289,-1
5290,5291,1
5290,5291,2
5294,5296,-1
5296,5296,-2
5297,5298,1
5299,5300,-1
5301,5302,1
5304,5305,1
5305,5305,2
5307,5309,1
5310,5310,-1
5311,5311,1
5312,5312,-1
5312,5312,-2
5315,5316,-1
5316,5316,-2
5317,5317,1
5317,5317,2
5319,5319,1
5319,5319,2
5320,5320,-1
5321,5323,1
5321,5322,2
5324,5324,-1
5325,5325,1
5326,5328,-1
5329,5332,1
5333,5333,-1
5333,5333,-2
5334,5334,1
5335,5335,-1
5336,5337,1
5336,5337,2
5338,5338,-1
5340,5340,-1
5340,5340,-2
5341,5342,1
5342,5342,2
5343,5344,-1
5345,5345,1
5345,5345,2
5347,5349,1
5348,5348,2
5351,5352,-1
5353,5353,1
5354,5357,-1
5354,5357,-2
5358,5362,1
5359,5359,2
5363,5365,-1
5363,5363,-2
5365,5365,-2
5366,5366,1
5367,5368,-1
5368,5368,-2
5370,5370,-1
5370,5370,-2
5372,5373,1
5372,5372,2
5374,5375,-1
5378,5380,-1
5381,5382,1
5382,5382,2
5384,5384,1
5384,5384,2
5386,5386,1
5386,5386,2
5387,5387,-1
5387,5387,-2
5389,5389,1
5390,5391,-1
5393,5394,-1
5393,5394,-2
5396,5396,1
5397,5398,-1
5397,5397,-2
5400,5400,-1
5400,5400,-2
5402,5408,-1
5402,5402,-2
5404,5408,-2
5409,5410,1
5411,5413,-1
5411,5412,-2
5414,5415,1
5414,5415,2
5416,5416,-1
5416,5416,-2
5417,5419,1
5418,5419,2
5420,5424,-1
5423,5424,-2
5427,5427,1
5430,5433,1
5434,5434,-1
5435,5436,1
5435,5436,2
5438,5438,1
5438,5438,2
5440,5441,1
5443,5443,1
5446,5446,-1
5448,5448,-1
5448,5448,-2
5449,5450,1
5449,5449,2
5452,5453,-1
5453,5453,-2
5454,5455,1
5454,5454,2
5456,5456,-1
5457,5457,1
5459,5459,1
5460,5460,-1
5462,5462,-1
5462,5462,-2
5463,5463,1
5465,5471,-1
5467,5469,-2
5471,5471,-2
5472,5472,1
5472,5472,2
5473,5473,-1
5474,5477,1
5479,5480,1
5480,5480,2
5483,5484,1
5484,5484,2
5486,5489,1
5487,5487,2
5489,5489,2
5490,5490,-1
5491,5491,1
5493,5494,1
5493,5493,2
5496,5496,1
5496,5496,2
5497,5498,-1
5497,5497,-2
5501,5501,1
5501,5501,2
5502,5502,-1
5503,5503,1
5504,5504,-1
5505,5506,1
5508,5508,1
5509,5510,-1
5509,5509,-2
5511,5511,1
5511,5511,2
5512,5512,-1
5514,5514,1
5514,5514,2
5517,5517,-1
5517,5517,-2
5519,5521,1
5519,5519,2
5522,5525,-1
5522,5522,-2
5526,5527,1
5526,5527,2
5529,5532,1
5530,5530,2
5532,5532,2
5534,5537,-1
5535,5535,-2
5538,5538,1
5538,5538,2
5540,5540,1
5540,5540,2
5541,5542,-1
5542,5542,-2
5543,5544,1
5543,5543,2
5545,5547,-1
5547,5547,-2
5549,5550,-1
5551,5552,1
5551,5552,2
5553,5553,-1
5554,5554,1
5556,5557,-1
5558,5558,1
5558,5558,2
5560,5560,-1
5560,5560,-2
5561,5561,1
5563,5563,-1
5563,5563,-2
5564,5564,1
5564,5564,2
5567,5567,-1
5567,5567,-2
5568,5568,1
5568,5568,2
5570,5570,1
5570,5570,2
5571,5571,-1
5573,5573,1
5573,5573,2
5574,5574,-1
5576,5576,1
5578,5579,-1
5579,5579,-2
5580,5582,1
5580,5580,2
5583,5585,-1
5583,5583,-2
5586,5586,1
5587,5587,-1
5587,5587,-2
5588,5588,1
5589,5591,-1
5591,5591,-2
5592,5592,1
5592,5592,2
5593,5593,-1
5595,5596,1
5595,5596,2
5597,5597,-1
5598,5598,1
5598,5598,2
5599,5599,-1
5599,5599,-2
5601,5605,-1
5601,5603,-2
5605,5605,-2
5606,5607,1
5607,5607,2
5609,5609,1
5610,5610,-1
5611,5611,1
5613,5613,1
5614,5614,-1
5616,5616,1
5617,5617,-1
5617,5617,-2
5619,5619,-1
5619,5619,-2
5620,5620,1
5620,5620,2
5622,5622,-1
5622,5622,-2
5623,5623,1
5625,5627,1
5625,5626,2
5629,5629,-1
5630,5630,1
5631,5632,-1
5631,5632,-2
5633,5633,1
5633,5633,2
5635,5635,-1
5639,5639,-1
5643,5644,1
5645,5645,-1
5645,5645,-2
5646,5647,1
5646,5646,2
5648,5648,-1
5649,5649,1
5650,5650,-1
5650,5650,-2
5651,5651,1
5651,5651,2
5652,5652,-1
5652,5652,-2
5656,5656,-1
5656,5656,-2
5657,5657,1
5659,5659,1
5659,5659,2
5661,5664,-1
5661,5661,-2
5663,5663,-2
5667,5668,1
5667,5668,2
5669,5669,-1
5670,5670,1
5670,5670,2
5671,5671,-1
5672,5672,1
5673,5673,-1
5674,5674,1
5674,5674,2
5675,5675,-1
5675,5675,-2
5677,5677,-1
5677,5677,-2
5678,5678,1
5679,5680,-1
5681,5681,1
5681,5681,2
5682,5682,-1
5682,5682,-2
5683,5684,1
5684,5684,2
5686,5689,1
5687,5687,2
5689,5689,2
5690,5690,-1
5691,5691,1
5691,5691,2
5692,5693,-1
5693,5693,-2
5694,5694,1
5694,5694,2
5695,5696,-1
5695,5695,-2
5697,5697,1
5697,5697,2
5698,5698,-1
5698,5698,-2
5699,5700,1
5699,5699,2
5701,5701,-1
5701,5701,-2
5703,5704,1
5703,5703,2
5705,5705,-1
5705,5705,-2
5706,5706,1
5706,5706,2
5707,5707,-1
5708,5709,1
5710,5712,-1
5711,5711,-2
5714,5714,1
5714,5714,2
5715,5716,-1
5715,5715,-2
5717,5717,1
5719,5720,-1
5720,5720,-2
5721,5721,1
5722,5722,-1
5722,5722,-2
5723,5723,1
5723,5723,2
5724,5724,-1
5724,5724,-2
5725,5725,1
5725,5725,2
5727,5727,-1
5727,5727,-2
5728,5728,1
5728,5728,2
5729,5729,-1
5730,5730,1
5731,5731,-1
5731,5731,-2
5733,5734,1
5733,5733,2
5736,5736,-1
5737,5737,1
5737,5737,2
5738,5738,-1
5738,5738,-2
5740,5741,1
5742,5743,-1
5742,5743,-2
5744,5744,1
5746,5746,-1
5747,5747,1
5747,5747,2
5748,5749,-1
5748,5748,-2
5750,5750,1
5750,5750,2
5751,5751,-1
5752,5752,1
5754,5755,1
5754,5755,2
5756,5756,-1
5756,5756,-2
5757,5757,1
5758,5758,-1
5758,5758,-2
5760,5760,-1
5760,5760,-2
5762,5762,1
5762,5762,2
5764,5765,1
5764,5765,2
5766,5768,-1
5766,5766,-2
5768,5768,-2
5769,5769,1
5769,5769,2
5776,5777,1
5777,5777,2
5778,5780,-1
5778,5779,-2
5781,5781,1
5781,5781,2
5784,5784,-1
5785,5785,1
5785,5785,2
5786,5789,-1
5787,5789,-2
5790,5791,1
5790,5791,2
5793,5793,-1
5793,5793,-2
5795,5796,1
5797,5797,-1
5798,5800,1
5802,5802,-1
5803,5805,1
5803,5804,2
5806,5806,-1
5807,5807,1
5810,5810,1
5810,5810,2
5811,5811,-1
5811,5811,-2
5813,5814,-1
5813,5813,-2
5815,5815,1
5815,5815,2
5816,5817,-1
5816,5817,-2
5818,5819,1
5818,5818,2
5820,5821,-1
5823,5823,1
5824,5824,-1
5824,5824,-2
5825,5826,1
5825,5826,2
5828,5828,-1
5829,5829,1
5830,5830,-1
5830,5830,-2
5832,5832,1
5832,5832,2
5833,5833,-1
5834,5834,1
5834,5834,2
5835,5835,-1
5837,5838,-1
5837,5838,-2
5839,5839,1
5840,5840,-1
5840,5840,-2
5841,5842,1
5841,5842,2
5843,5843,-1
5843,5843,-2
5844,5844,1
5845,5845,-1
5847,5847,-1
5847,5847,-2
5848,5848,1
5851,5851,1
5851,5851,2
5852,5856,-1
5852,5852,-2
5855,5856,-2
5857,5858,1
5857,5857,2
5859,5861,-1
5861,5861,-2
5862,5862,1
5862,5862,2
5863,5865,-1
5863,5863,-2
5865,5865,-2
5866,5867,1
5866,5866,2
5869,5871,-1
5869,5869,-2
5871,5871,-2
5873,5874,1
5873,5873,2
5875,5875,-1
5875,5875,-2
5877,5877,-1
5877,5877,-2
5878,5878,1
5879,5879,-1
5881,5882,-1
5883,5884,1
5883,5884,2
5886,5886,1
5886,5886,2
5887,5888,-1
5888,5888,-2
5889,5890,1
5890,5890,2
5891,5891,-1
5893,5893,1
5894,5895,-1
5894,5894,-2
5897,5897,1
5897,5897,2
5899,5899,-1
5901,5901,1
5901,5901,2
5902,5904,-1
5904,5904,-2
5905,5907,1
5906,5906,2
5909,5909,1
5910,5910,-1
5911,5911,1
5912,5912,-1
5912,5912,-2
5913,5914,1
5913,5913,2
5915,5915,-1
5915,5915,-2
5917,5917,1
5918,5918,-1
5919,5919,1
5919,5919,2
5920,5921,-1
5920,5921,-2
5922,5922,1
5925,5930,1
5926,5929,2
5931,5932,-1
5932,5932,-2
5934,5934,-1
5935,5935,1
5935,5935,2
5936,5936,-1
5937,5937,1
5939,5942,-1
5940,5942,-2
5944,5944,1
5944,5944,2
5945,5946,-1
5945,5946,-2
5947,5947,1
5949,5950,-1
5950,5950,-2
5951,5951,1
5951,5951,2
5952,5956,-1
5953,5956,-2
5957,5958,1
5958,5958,2
5962,5964,-1
5962,5963,-2
5965,5966,1
5966,5966,2
5967,5967,-1
5968,5968,1
5968,5968,2
5969,5970,-1
5973,5975,-1
5976,5976,1
5976,5976,2
5979,5979,-1
5980,5980,1
5983,5983,-1
5983,5983,-2
5984,5984,1
5984,5984,2
5986,5987,1
5986,5987,2
5988,5988,-1
5988,5988,-2
5989,5990,1
5991,5991,-1
5991,5991,-2
5992,5992,1
5993,5993,-1
5993,5993,-2
5995,5995,1
5995,5995,2
5997,5997,1
5998,6000,-1
5999,6000,-2
6001,6001,1
6003,6006,-1
6004,6004,-2
6007,6008,1
6008,6008,2
6009,6010,-1
6009,6009,-2
6011,6011,1
6011,6011,2
6012,6013,-1
6014,6014,1
6015,6015,-1
6018,6018,1
6018,6018,2
6019,6019,-1
6020,6021,1
6021,6021,2
6022,6022,-1
6022,6022,-2
6024,6024,1
6025,6026,-1
6025,6026,-2
6027,6027,1
6027,6027,2
6028,6028,-1
6029,6029,1
6030,6030,-1
6030,6030,-2
6033,6033,1
6034,6038,-1
6034,6034,-2
6037,6037,-2
6039,6039,1
6040,6040,-1
6041,6041,1
6041,6041,2
6043,6043,-1
6045,6046,-1
6046,6046,-2
6047,6047,1
6048,6048,-1
6048,6048,-2
6049,6050,1
6049,6050,2
6052,6052,1
6054,6054,1
6055,6055,-1
6056,6059,1
6058,6059,2
6060,6060,-1
6062,6064,-1
6062,6064,-2
6065,6065,1
6066,6068,-1
6067,6068,-2
6069,6071,1
6072,6072,-1
6072,6072,-2
6073,6073,1
6076,6080,-1
6076,6076,-2
6078,6080,-2
6081,6081,1
6082,6082,-1
6083,6083,1
6083,6083,2
6084,6084,-1
6085,6090,1
6085,6086,2
6088,6090,2
6091,6092,-1
6091,6091,-2
6093,6093,1
6096,6097,-1
6098,6098,1
6099,6103,-1
6099,6100,-2
6102,6102,-2
6104,6105,1
6104,6105,2
6106,6106,-1
6106,6106,-2
6107,6112,1
6107,6107,2
6111,6111,2
6113,6114,-1
6113,6113,-2
6115,6115,1
6116,6117,-1
6117,6117,-2
6119,6120,1
6121,6121,-1
6121,6121,-2
6123,6127,1
6126,6127,2
6129,6129,1
6129,6129,2
6130,6130,-1
6131,6132,1
6131,6132,2
6133,6135,-1
6136,6136,1
6138,6138,-1
6138,6138,-2
6140,6140,-1
6140,6140,-2
6141,6141,1
6142,6142,-1
6142,6142,-2
6143,6151,1
6145,6146,2
6151,6151,2
6152,6153,-1
6152,6152,-2
6154,6155,1
6155,6155,2
6158,6159,-1
6160,6160,1
6162,6164,-1
6163,6163,-2
6168,6169,-1
6171,6171,1
6173,6175,1
6173,6173,2
6176,6176,-1
6176,6176,-2
6178,6178,-1
6179,6179,1
6180,6180,-1
6182,6183,-1
6182,6182,-2
6185,6186,-1
6186,6186,-2
6191,6192,1
6191,6191,2
6194,6194,1
6194,6194,2
6195,6195,-1
6195,6195,-2
6196,6196,1
6198,6198,-1
6199,6200,1
6201,6201,-1
6202,6202,1
6202,6202,2
6203,6204,-1
6204,6204,-2
6205,6206,1
6206,6206,2
6207,6207,-1
6208,6208,1
6210,6210,-1
6211,6211,1
6211,6211,2
6212,6212,-1
6212,6212,-2
6213,6213,1
6213,6213,2
6215,6215,-1
6215,6215,-2
6216,6216,1
6217,6218,-1
6217,6217,-2
6219,6219,1
6219,6219,2
6221,6223,1
6224,6224,-1
6226,6226,1
6226,6226,2
6227,6228,-1
6227,6227,-2
6229,6229,1
6231,6231,-1
6231,6231,-2
6232,6232,1
6233,6236,-1
6234,6235,-2
6237,6237,1
6237,6237,2
6239,6240,1
6241,6241,-1
6242,6243,1
6243,6243,2
6244,6244,-1
6245,6245,1
6245,6245,2
6246,6247,-1
6246,6246,-2
6248,6249,1
6249,6249,2
6250,6250,-1
6250,6250,-2
6251,6253,1
6251,6251,2
6254,6254,-1
6254,6254,-2
6257,6257,-1
6258,6258,1
6258,6258,2
6259,6260,-1
6261,6262,1
6263,6264,-1
6265,6265,1
6266,6266,-1
6266,6266,-2
6267,6269,1
6267,6267,2
6271,6272,-1
6271,6272,-2
6274,6274,1
6274,6274,2
6275,6275,-1
6275,6275,-2
6276,6276,1
6277,6277,-1
6279,6280,1
6279,6280,2
6281,6281,-1
6281,6281,-2
6282,6283,1
6282,6282,2
6284,6284,-1
6284,6284,-2
6285,6288,1
6289,6289,-1
6290,6291,1
6290,6291,2
6293,6295,1
6293,6293,2
6298,6299,1
6299,6299,2
6301,6301,-1
6302,6303,1
6302,6303,2
6305,6305,1
6305,6305,2
6307,6308,-1
6307,6308,-2
6309,6309,1
6310,6310,-1
6312,6312,-1
6312,6312,-2
6313,6314,1
6313,6313,2
6315,6315,-1
6315,6315,-2
6317,6321,-1
6318,6321,-2
6324,6324,1
6324,6324,2
6325,6325,-1
6327,6328,-1
6327,6327,-2
6329,6329,1
6330,6330,-1
6330,6330,-2
6331,6333,1
6331,6333,2
6337,6337,-1
6337,6337,-2
6338,6338,1
6338,6338,2
6339,6339,-1
6341,6341,1
6344,6344,-1
6344,6344,-2
6345,6350,1
6347,6348,2
6350,6350,2
6352,6354,-1
6353,6353,-2
6355,6356,1
6355,6355,2
6357,6357,-1
6358,6359,1
6358,6358,2
6361,6361,-1
6361,6361,-2
6362,6362,1
6362,6362,2
6363,6363,-1
6364,6366,1
6367,6367,-1
6367,6367,-2
6368,6368,1
6369,6369,-1
6369,6369,-2
6370,6371,1
6373,6375,-1
6373,6374,-2
6376,6376,1
6376,6376,2
6378,6380,-1
6380,6380,-2
6381,6382,1
6381,6382,2
6383,6384,-1
6383,6383,-2
6386,6387,1
6386,6386,2
6388,6389,-1
6388,6388,-2
6390,6390,1
6390,6390,2
6391,6394,-1
6391,6391,-2
6396,6396,1
6396,6396,2
6397,6397,-1
6397,6397,-2
6398,6398,1
6399,6399,-1
6399,6399,-2
6400,6400,1
6400,6400,2
6401,6401,-1
6403,6405,-1
6404,6404,-2
6406,6406,1
6408,6408,-1
6408,6408,-2
6410,6411,-1
6412,6412,1
6414,6415,-1
6414,6414,-2
6416,6416,1
6417,6417,-1
6417,6417,-2
6418,6423,1
6418,6418,2
6420,6421,2
6424,6424,-1
6424,6424,-2
6425,6425,1
6427,6428,1
6430,6431,1
6430,6431,2
6432,6432,-1
6433,6433,1
6433,6433,2
6434,6434,-1
6434,6434,-2
6435,6435,1
6436,6436,-1
6438,6440,1
6438,6438,2
6442,6442,1
6443,6443,-1
6445,6445,1
6447,6447,1
6448,6448,-1
6448,6448,-2
6449,6449,1
6449,6449,2
6450,6451,-1
6450,6451,-2
6452,6456,1
6452,6452,2
6456,6456,2
6457,6460,-1
6460,6460,-2
6461,6461,1
6461,6461,2
6462,6463,-1
6462,6462,-2
6464,6464,1
6466,6468,1
6466,6468,2
6469,6470,-1
6469,6469,-2
6471,6471,1
6472,6474,-1
6473,6473,-2
6475,6479,1
6478,6479,2
6480,6481,-1
6480,6480,-2
6483,6483,-1
6484,6484,1
6484,6484,2
6485,6487,-1
6485,6485,-2
6487,6487,-2
6488,6490,1
6488,6489,2
6491,6491,-1
6491,6491,-2
6493,6494,1
6493,6493,2
6496,6496,-1
6496,6496,-2
6497,6498,1
6497,6498,2
6500,6500,1
6500,6500,2
6501,6501,-1
6507,6507,-1
6508,6510,1
6509,6509,2
6511,6511,-1
6511,6511,-2
6513,6514,1
6513,6513,2
6516,6516,-1
6516,6516,-2
6517,6517,1
6518,6519,-1
6521,6523,-1
6521,6523,-2
6524,6526,1
6525,6525,2
6528,6528,1
6528,6528,2
6530,6532,-1
6530,6531,-2
6534,6537,-1
6536,6536,-2
6539,6541,-1
6540,6540,-2
6542,6542,1
6542,6542,2
6543,6545,-1
6544,6544,-2
6549,6549,-1
6550,6551,1
6551,6551,2
6553,6554,1
6554,6554,2
6556,6556,-1
6556,6556,-2
6557,6558,1
6557,6557,2
6560,6561,1
6561,6561,2
6562,6563,-1
6565,6567,-1
6567,6567,-2
6568,6568,1
6569,6569,-1
6571,6572,-1
6573,6573,1
6573,6573,2
6574,6574,-1
6574,6574,-2
6576,6576,1
6578,6580,-1
6580,6580,-2
6581,6583,1
6581,6582,2
6584,6584,-1
6584,6584,-2
6585,6585,1
6587,6588,1
6587,6588,2
6589,6589,-1
6589,6589,-2
6590,6591,1
6590,6590,2
6592,6592,-1
6593,6594,1
6593,6593,2
6596,6596,-1
6597,6598,1
6597,6598,2
6599,6599,-1
6599,6599,-2
6601,6602,1
6601,6602,2
6603,6603,-1
6604,6605,1
6604,6604,2
6606,6606,-1
6606,6606,-2
6608,6608,-1
6608,6608,-2
6609,6610,1
6609,6610,2
6611,6611,-1
6611,6611,-2
6612,6616,1
6612,6613,2
6616,6616,2
6617,6617,-1
6617,6617,-2
6620,6620,-1
6623,6623,-1
6624,6624,1
6627,6627,-1
6628,6633,1
6631,6631,2
6635,6635,-1
6635,6635,-2
6636,6636,1
6638,6640,1
6638,6638,2
6640,6640,2
6641,6641,-1
6642,6643,1
6642,6643,2
6645,6646,1
6645,6646,2
6647,6648,-1
6648,6648,-2
6650,6651,1
6650,6651,2
6652,6652,-1
6652,6652,-2
6653,6653,1
6653,6653,2
6654,6654,-1
6655,6655,1
6657,6658,1
6657,6658,2
6660,6662,-1
6660,6661,-2
6664,6666,-1
6664,6664,-2
6668,6670,1
6670,6670,2
6671,6671,-1
6673,6673,-1
6673,6673,-2
6675,6676,1
6679,6679,-1
6680,6680,1
6680,6680,2
6681,6681,-1
6683,6683,-1
6684,6684,1
6685,6685,-1
6685,6685,-2
6687,6687,-1
6687,6687,-2
6688,6688,1
6689,6691,-1
6689,6691,-2
6692,6692,1
6693,6697,-1
6693,6694,-2
6699,6700,-1
6700,6700,-2
6701,6701,1
6701,6701,2
6703,6703,-1
6703,6703,-2
6706,6706,1
6706,6706,2
6708,6708,1
6708,6708,2
6710,6711,-1
6711,6711,-2
6713,6717,-1
6713,6713,-2
6715,6715,-2
6717,6717,-2
6719,6720,1
6719,6719,2
6721,6721,-1
6722,6723,1
6722,6723,2
6725,6725,-1
6725,6725,-2
6726,6727,1
6726,6726,2
6730,6731,-1
6731,6731,-2
6732,6732,1
6733,6734,-1
6734,6734,-2
6735,6735,1
6736,6736,-1
6736,6736,-2
6737,6738,1
6740,6740,-1
6741,6744,1
6741,6741,2
6743,6743,2
6745,6746,-1
6746,6746,-2
6748,6748,1
6752,6752,-1
6752,6752,-2
6754,6754,1
6754,6754,2
6757,6759,-1
6758,6759,-2
6760,6761,1
6760,6760,2
6762,6762,-1
6763,6763,1
6763,6763,2
6764,6764,-1
6765,6765,1
6766,6766,-1
6766,6766,-2
6767,6769,1
6768,6769,2
6770,6770,-1
6770,6770,-2
6771,6773,1
6771,6771,2
6774,6775,-1
6775,6775,-2
6776,6777,1
6776,6777,2
6778,6778,-1
6778,6778,-2
6779,6779,1
6779,6779,2
6780,6780,-1
6780,6780,-2
6781,6781,1
6781,6781,2
6783,6785,1
6783,6783,2
6785,6785,2
6786,6786,-1
6787,6787,1
6787,6787,2
6789,6791,-1
6790,6791,-2
6792,6792,1
6792,6792,2
6794,6794,-1
6795,6798,1
6796,6796,2
6799,6800,-1
6802,6803,1
6802,6803,2
6804,6804,-1
6805,6805,1
6805,6805,2
6807,6807,-1
6807,6807,-2
6808,6808,1
6811,6811,1
6811,6811,2
6812,6813,-1
6812,6813,-2
6815,6816,1
6819,6819,-1
6820,6820,1
6821,6822,-1
6821,6822,-2
6823,6823,1
6824,6824,-1
6824,6824,-2
6826,6827,1
6826,6826,2
6828,6828,-1
6829,6829,1
6830,6831,-1
6830,6831,-2
6833,6834,1
6837,6837,1
6837,6837,2
6838,6841,-1
6838,6839,-2
6842,6842,1
6845,6846,1
6847,6847,-1
6847,6847,-2
6849,6850,-1
6849,6849,-2
6851,6851,1
6851,6851,2
6852,6853,-1
6852,6853,-2
6854,6857,1
6857,6857,2
6858,6858,-1
6858,6858,-2
6861,6861,-1
6862,6864,1
6863,6863,2
6865,6867,-1
6866,6866,-2
6869,6869,-1
6870,6870,1
6871,6872,-1
6871,6871,-2
6874,6874,1
6874,6874,2
6875,6877,-1
6875,6877,-2
6878,6880,1
6878,6878,2
6880,6880,2
6881,6884,-1
6883,6883,-2
6885,6885,1
6886,6886,-1
6889,6889,1
6890,6893,-1
6890,6891,-2
6893,6893,-2
6894,6895,1
6896,6896,-1
6897,6897,1
6898,6899,-1
6900,6901,1
6902,6902,-1
6903,6904,1
6905,6906,-1
6905,6906,-2
6907,6907,1
6907,6907,2
6909,6909,1
6909,6909,2
6911,6914,-1
6911,6911,-2
6915,6916,1
6915,6915,2
6917,6919,-1
6917,6918,-2
6920,6920,1
6920,6920,2
6922,6922,1
6923,6923,-1
6923,6923,-2
6926,6926,1
6926,6926,2
6927,6927,-1
6927,6927,-2
6928,6931,1
6928,6928,2
6930,6931,2
6932,6932,-1
6932,6932,-2
6933,6933,1
6933,6933,2
6935,6938,1
6936,6936,2
6940,6940,1
6940,6940,2
6941,6942,-1
6944,6947,1
6944,6945,2
6949,6949,1
6950,6950,-1
6950,6950,-2
6952,6953,1
6952,6952,2
6954,6957,-1
6956,6956,-2
6959,6959,-1
6960,6960,1
6961,6961,-1
6961,6961,-2
6963,6963,-1
6964,6964,1
6964,6964,2
6965,6965,-1
6966,6966,1
6966,6966,2
6967,6967,-1
6967,6967,-2
6968,6968,1
6969,6969,-1
6970,6970,1
6972,6972,1
6972,6972,2
6973,6973,-1
6974,6976,1
6974,6976,2
6977,6977,-1
6977,6977,-2
6978,6981,1
6978,6980,2
6983,6984,-1
6984,6984,-2
6985,6986,1
6986,6986,2
6989,6989,1
6991,6994,1
6993,6993,2
6997,6997,-1
6998,6998,1
6999,6999,-1
7000,7004,1
7000,7000,2
7004,7004,2
7005,7006,-1
7005,7006,-2
7007,7007,1
7011,7011,1
7013,7013,1
7014,7014,-1
7014,7014,-2
7015,7015,1
7015,7015,2
7016,7016,-1
7016,7016,-2
7017,7017,1
7020,7020,1
7020,7020,2
7021,7021,-1
7022,7022,1
7023,7023,-1
7024,7025,1
7024,7024,2
7026,7026,-1
7028,7030,1
7030,7030,2
7033,7033,-1
7033,7033,-2
7034,7034,1
7035,7036,-1
7035,7036,-2
7037,7038,1
7039,7039,-1
7041,7041,-1
7041,7041,-2
7043,7043,1
7044,7044,-1
7045,7045,1
7047,7047,1
7047,7047,2
7049,7049,-1
7050,7050,1
7052,7054,1
7053,7053,2
7056,7056,1
7056,7056,2
7057,7058,-1
7058,7058,-2
7059,7059,1
7060,7060,-1
7060,7060,-2
7061,7061,1
7062,7062,-1
7062,7062,-2
7064,7064,-1
7065,7066,1
7066,7066,2
7067,7067,-1
7067,7067,-2
7068,7068,1
7068,7068,2
7069,7069,-1
7069,7069,-2
7070,7071,1
7070,7070,2
7072,7072,-1
7072,7072,-2
7074,7074,-1
7075,7075,1
7078,7078,1
7079,7081,-1
7081,7081,-2
7082,7082,1
7083,7083,-1
7086,7086,-1
7087,7087,1
7088,7088,-1
7089,7089,1
7090,7091,-1
7091,7091,-2
7092,7092,1
7093,7093,-1
7094,7095,1
7094,7094,2
7096,7096,-1
7097,7097,1
7099,7100,1
7099,7099,2
7101,7101,-1
7102,7102,1
7102,7102,2
7103,7103,-1
7103,7103,-2
7104,7104,1
7105,7105,-1
7105,7105,-2
7106,7106,1
7106,7106,2
7108,7109,1
7109,7109,2
7110,7110,-1
7110,7110,-2
7111,7112,1
7111,7111,2
7114,7114,-1
7115,7115,1
7115,7115,2
7117,7117,-1
7118,7120,1
7118,7118,2
7120,7120,2
7121,7123,-1
7121,7122,-2
7124,7124,1
7124,7124,2
7125,7126,-1
7125,7125,-2
7128,7129,1
7129,7129,2
7130,7131,-1
7132,7132,1
7134,7134,-1
7134,7134,-2
7135,7135,1
7135,7135,2
7136,7137,-1
7137,7137,-2
7138,7139,1
7139,7139,2
7141,7141,-1
7141,7141,-2
7142,7143,1
7145,7145,1
7145,7145,2
7146,7146,-1
7146,7146,-2
7148,7148,1
7149,7149,-1
7149,7149,-2
7151,7151,1
7151,7151,2
7152,7152,-1
7153,7153,1
7153,7153,2
7154,7154,-1
7155,7155,1
7155,7155,2
7157,7158,-1
7157,7158,-2
7159,7159,1
7159,7159,2
7161,7161,1
7162,7162,-1
7164,7167,1
7164,7166,2
7168,7168,-1
7170,7170,-1
7171,7173,1
7171,7171,2
7173,7173,2
7176,7176,1
7177,7177,-1
7177,7177,-2
7179,7179,1
7179,7179,2
7180,7180,-1
7181,7182,1
7181,7182,2
7183,7183,-1
7185,7186,1
7187,7187,-1
7187,7187,-2
7189,7190,1
7191,7191,-1
7191,7191,-2
7193,7195,-1
7193,7193,-2
7195,7195,-2
7196,7198,1
7196,7198,2
7199,7199,-1
7199,7199,-2
7200,7201,1
7200,7201,2
7202,7205,-1
7202,7203,-2
7207,7207,-1
7207,7207,-2
7208,7209,1
7209,7209,2
7210,7213,-1
7214,7214,1
7214,7214,2
7215,7215,-1
7216,7216,1
7218,7219,-1
7221,7222,1
7221,7221,2
7223,7224,-1
7223,7223,-2
7225,7226,1
7226,7226,2
7227,7227,-1
7227,7227,-2
7229,7232,1
7230,7231,2
7234,7234,1
7235,7236,-1
7236,7236,-2
7237,7237,1
7239,7239,-1
7240,7241,1
7241,7241,2
7242,7243,-1
7242,7242,-2
7244,7245,1
7245,7245,2
7246,7247,-1
7246,7246,-2
7248,7248,1
7248,7248,2
7249,7254,-1
7250,7250,-2
7252,7253,-2
7255,7256,1
7255,7256,2
7257,7257,-1
7258,7258,1
7258,7258,2
7259,7259,-1
7259,7259,-2
7262,7263,-1
7262,7262,-2
7264,7264,1
7264,7264,2
7267,7269,-1
7267,7268,-2
7271,7271,-1
7271,7271,-2
7272,7273,1
7274,7274,-1
7276,7276,1
7276,7276,2
7277,7281,-1
7281,7281,-2
7284,7287,1
7285,7286,2
7289,7290,-1
7290,7290,-2
7293,7293,-1
7293,7293,-2
7294,7294,1
7294,7294,2
7295,7296,-1
7295,7295,-2
7298,7298,1
7298,7298,2
7299,7299,-1
7299,7299,-2
7300,7300,1
7301,7302,-1
7302,7302,-2
7304,7304,-1
7304,7304,-2
7306,7306,-1
7306,7306,-2
7308,7309,-1
7310,7311,1
7311,7311,2
7313,7314,-1
7313,7313,-2
7315,7315,1
7317,7317,1
7318,7318,-1
7318,7318,-2
7319,7319,1
7321,7321,-1
7323,7323,-1
7323,7323,-2
7325,7328,-1
7326,7326,-2
7329,7329,1
7329,7329,2
7330,7330,-1
7330,7330,-2
7331,7332,1
7331,7332,2
7333,7333,-1
7333,7333,-2
7335,7335,-1
7340,7340,1
7342,7342,-1
7343,7343,1
7345,7345,-1
7345,7345,-2
7346,7346,1
7346,7346,2
7347,7347,-1
7348,7348,1
7349,7349,-1
7349,7349,-2
7352,7352,-1
7353,7355,1
7353,7353,2
7356,7357,-1
7358,7358,1
7360,7360,1
7360,7360,2
7362,7362,1
7362,7362,2
7363,7365,-1
7363,7364,-2
7366,7366,1
7367,7367,-1
7369,7371,1
7372,7373,-1
7372,7372,-2
7374,7374,1
7375,7375,-1
7376,7378,1
7376,7377,2
7379,7380,-1
7380,7380,-2
7382,7382,1
7382,7382,2
7385,7385,1
7385,7385,2
7386,7387,-1
7388,7389,1
7389,7389,2
7390,7391,-1
7393,7393,-1
7393,7393,-2
7395,7397,-1
7399,7399,-1
7399,7399,-2
7400,7401,1
7401,7401,2
7402,7403,-1
7402,7403,-2
7404,7404,1
7404,7404,2
7406,7406,-1
7407,7413,1
7407,7409,2
7414,7414,-1
7415,7417,1
7415,7417,2
7419,7419,-1
7419,7419,-2
7421,7422,1
7421,7422,2
7423,7423,-1
7423,7423,-2
7424,7425,1
7424,7424,2
7427,7429,-1
7428,7428,-2
7430,7430,1
7430,7430,2
7434,7436,-1
7434,7434,-2
7436,7436,-2
7437,7437,1
7437,7437,2
7438,7438,-1
7438,7438,-2
7441,7441,-1
7442,7443,1
7442,7443,2
7445,7445,1
7448,7448,-1
7448,7448,-2
7449,7449,1
7450,7450,-1
7452,7452,1
7452,7452,2
7453,7453,-1
7453,7453,-2
7456,7456,-1
7456,7456,-2
7457,7458,1
7457,7458,2
7459,7459,-1
7460,7460,1
7461,7461,-1
7461,7461,-2
7462,7464,1
7462,7462,2
7465,7465,-1
7470,7470,1
7472,7472,-1
7473,7474,1
7474,7474,2
7475,7475,-1
7475,7475,-2
7477,7477,-1
7477,7477,-2
7478,7479,1
7478,7479,2
7480,7481,-1
7481,7481,-2
7483,7484,1
7483,7484,2
7486,7487,-1
7487,7487,-2
7488,7488,1
7488,7488,2
7492,7493,-1
7495,7495,1
7496,7496,-1
7496,7496,-2
7497,7504,1
7499,7502,2
7506,7506,-1
7506,7506,-2
7508,7508,-1
7509,7509,1
7510,7510,-1
7510,7510,-2
7511,7511,1
7512,7513,-1
7515,7516,-1
7517,7519,1
7517,7517,2
7519,7519,2
7520,7522,-1
7523,7524,1
7525,7525,-1
7527,7527,-1
7528,7529,1
7531,7531,-1
7533,7534,-1
7534,7534,-2
7536,7536,1
7536,7536,2
7537,7537,-1
7538,7538,1
7540,7541,-1
7540,7540,-2
7543,7543,1
7543,7543,2
7545,7545,-1
7545,7545,-2
7547,7547,1
7549,7549,-1
7549,7549,-2
7551,7551,1
7552,7552,-1
7552,7552,-2
7554,7555,1
7554,7555,2
7556,7556,-1
7556,7556,-2
7557,7558,1
7560,7560,-1
7562,7562,1
7563,7563,-1
7563,7563,-2
7564,7566,1
7564,7564,2
7566,7566,2
7568,7569,-1
7568,7568,-2
7570,7570,1
7571,7571,-1
7571,7571,-2
7572,7572,1
7573,7573,-1
7574,7575,1
7574,7574,2
7578,7578,1
7579,7579,-1
7581,7582,-1
7581,7582,-2
7583,7583,1
7583,7583,2
7584,7585,-1
7584,7585,-2
7587,7587,-1
7587,7587,-2
7588,7588,1
7588,7588,2
7589,7589,-1
7589,7589,-2
7590,7590,1
7591,7595,-1
7592,7594,-2
7596,7596,1
7597,7598,-1
7597,7597,-2
7599,7599,1
7599,7599,2
7600,7602,-1
7600,7600,-2
7602,7602,-2
7606,7606,1
7606,7606,2
7608,7608,-1
7609,7609,1
7611,7611,-1
7611,7611,-2
7612,7613,1
7613,7613,2
7614,7615,-1
7614,7615,-2
7617,7617,1
7617,7617,2
7619,7619,1
7619,7619,2
7621,7621,-1
7621,7621,-2
7623,7625,-1
7623,7623,-2
7626,7627,1
7626,7626,2
7629,7630,1
7632,7632,-1
7632,7632,-2
7634,7636,1
7635,7636,2
7637,7638,-1
7639,7641,1
7639,7640,2
7644,7644,1
7645,7645,-1
7646,7647,1
7646,7647,2
7649,7649,1
7649,7649,2
7650,7650,-1
7650,7650,-2
7651,7651,1
7653,7653,-1
7653,7653,-2
7655,7655,-1
7656,7656,1
7656,7656,2
7657,7657,-1
7659,7661,1
7660,7661,2
7662,7663,-1
7663,7663,-2
7665,7666,1
7666,7666,2
7668,7669,-1
7669,7669,-2
7672,7672,-1
7672,7672,-2
7673,7674,1
7673,7674,2
7675,7675,-1
7675,7675,-2
7676,7676,1
7677,7677,-1
7677,7677,-2
7679,7679,1
7682,7682,1
7682,7682,2
7683,7683,-1
7685,7686,1
7686,7686,2
7687,7688,-1
7690,7690,-1
7691,7691,1
7691,7691,2
7692,7692,-1
7692,7692,-2
7694,7694,1
7695,7695,-1
7698,7700,1
7698,7698,2
7701,7701,-1
7702,7702,1
7703,7703,-1
7705,7713,-1
7706,7706,-2
7709,7711,-2
7714,7714,1
7715,7718,-1
7715,7716,-2
7722,7722,1
7723,7723,-1
7724,7725,1
7724,7725,2
7726,7726,-1
7728,7729,1
7728,7729,2
7730,7732,-1
7733,7734,1
7733,7734,2
7735,7736,-1
7736,7736,-2
7738,7739,-1
7739,7739,-2
7740,7741,1
7742,7742,-1
7742,7742,-2
7744,7744,-1
7745,7746,1
7747,7752,-1
7747,7747,-2
7750,7751,-2
7753,7754,1
7753,7754,2
7756,7756,-1
7757,7757,1
7758,7758,-1
7760,7761,-1
7760,7760,-2
7762,7763,1
7764,7764,-1
7764,7764,-2
7765,7765,1
7765,7765,2
7767,7767,1
7767,7767,2
7768,7769,-1
7768,7768,-2
7770,7772,1
7773,7773,-1
7774,7774,1
7775,7775,-1
7776,7776,1
7777,7777,-1
7778,7778,1
7778,7778,2
7779,7780,-1
7779,7780,-2
7781,7782,1
7781,7781,2
7784,7784,1
7784,7784,2
7785,7789,-1
7785,7785,-2
7790,7794,1
7790,7790,2
7794,7794,2
7797,7797,1
7797,7797,2
7798,7798,-1
7798,7798,-2
7799,7801,1
7801,7801,2
7802,7804,-1
7803,7804,-2
7806,7807,1
7806,7806,2
7810,7810,1
7810,7810,2
7811,7811,-1
7811,7811,-2
7812,7812,1
7812,7812,2
7814,7814,-1
7816,7817,-1
7816,7817,-2
7819,7821,1
7821,7821,2
7822,7822,-1
7822,7822,-2
7823,7823,1
7823,7823,2
7825,7825,1
7826,7827,-1
7827,7827,-2
7828,7828,1
7829,7835,-1
7831,7831,-2
7833,7833,-2
7835,7835,-2
7836,7836,1
7837,7838,-1
7838,7838,-2
7840,7840,-1
7841,7842,1
7842,7842,2
7844,7844,1
7845,7845,-1
7845,7845,-2
7847,7848,-1
7850,7853,-1
7851,7852,-2
7854,7855,1
7854,7854,2
7856,7856,-1
7858,7858,-1
7860,7863,1
7862,7862,2
7864,7864,-1
7865,7865,1
7867,7867,-1
7867,7867,-2
7868,7870,1
7869,7869,2
7871,7876,-1
7874,7874,-2
7876,7876,-2
7877,7877,1
7877,7877,2
7878,7879,-1
7880,7881,1
7880,7881,2
7883,7883,-1
7885,7885,-1
7888,7888,-1
7888,7888,-2
7890,7890,-1
7891,7891,1
7891,7891,2
7892,7895,-1
7894,7895,-2
7896,7897,1
7897,7897,2
7898,7899,-1
7899,7899,-2
7900,7900,1
7901,7902,-1
7904,7905,1
7907,7907,-1
7907,7907,-2
7908,7909,1
7908,7908,2
7910,7917,-1
7911,7911,-2
7913,7913,-2
7916,7916,-2
7918,7918,1
7919,7919,-1
7920,7922,1
7924,7924,1
7925,7925,-1
7925,7925,-2
7926,7926,1
7927,7927,-1
7928,7929,1
7928,7929,2
7931,7931,1
7931,7931,2
7932,7932,-1
7932,7932,-2
7934,7934,1
7934,7934,2
7935,7936,-1
7935,7936,-2
7938,7938,1
7938,7938,2
7939,7939,-1
7940,7942,1
7941,7941,2
7943,7943,-1
7945,7946,-1
7945,7945,-2
7948,7948,1
7950,7950,1
7950,7950,2
7952,7952,1
7952,7952,2
7955,7955,-1
7956,7956,1
7957,7958,-1
7957,7958,-2
7960,7960,-1
7962,7963,-1
7963,7963,-2
7964,7966,1
7964,7965,2
7967,7971,-1
7968,7968,-2
7970,7971,-2
7972,7972,1
7972,7972,2
7974,7974,-1
7975,7978,1
7980,7981,1
7980,7981,2
7982,7982,-1
7983,7983,1
7983,7983,2
7985,7985,1
7986,7987,-1
7986,7986,-2
7988,7990,1
7990,7990,2
7991,7991,-1
7991,7991,-2
7992,7992,1
7994,7994,-1
7995,7995,1
7995,7995,2
7996,7996,-1
7996,7996,-2
7997,7999,1
7998,7999,2
8001,8003,-1
8001,8001,-2
8004,8004,1
8004,8004,2
8005,8005,-1
8005,8005,-2
8007,8007,-1
8009,8009,1
8009,8009,2
8010,8010,-1
8010,8010,-2
8014,8016,1
8015,8015,2
8018,8018,-1
8019,8019,1
8019,8019,2
8020,8020,-1
8021,8021,1
8022,8022,-1
8022,8022,-2
8023,8024,1
8023,8023,2
8025,8025,-1
8025,8025,-2
8026,8027,1
8027,8027,2
8028,8028,-1
8028,8028,-2
8029,8029,1
8030,8030,-1
8030,8030,-2
8031,8034,1
8031,8032,2
8035,8036,-1
8035,8035,-2
8037,8037,1
8038,8038,-1
8038,8038,-2
8039,8040,1
8039,8039,2
8041,8041,-1
8041,8041,-2
8043,8043,-1
8043,8043,-2
8044,8044,1
8046,8046,1
8047,8047,-1
8047,8047,-2
8048,8048,1
8048,8048,2
8049,8049,-1
8050,8050,1
8051,8051,-1
8052,8053,1
8052,8053,2
8054,8054,-1
8054,8054,-2
8055,8055,1
8055,8055,2
8056,8056,-1
8056,8056,-2
8057,8057,1
8058,8058,-1
8059,8060,1
8060,8060,2
8062,8062,-1
8063,8064,1
8063,8063,2
8065,8065,-1
8065,8065,-2
8066,8066,1
8069,8072,-1
8070,8072,-2
8075,8075,-1
8076,8076,1
8076,8076,2
8077,8079,-1
8078,8079,-2
8081,8081,-1
8082,8084,1
8082,8082,2
8086,8086,1
8086,8086,2
8088,8088,1
8089,8089,-1
8089,8089,-2
8090,8090,1
8091,8091,-1
8092,8093,1
8093,8093,2
8094,8094,-1
8094,8094,-2
8095,8098,1
8095,8095,2
8097,8098,2
8099,8100,-1
8099,8100,-2
8101,8101,1
8102,8103,-1
8102,8102,-2
8104,8104,1
8104,8104,2
8105,8107,-1
8110,8112,-1
8113,8113,1
8115,8115,-1
8115,8115,-2
8117,8117,1
8118,8118,-1
8120,8120,-1
8120,8120,-2
8122,8122,-1
8122,8122,-2
8124,8126,-1
8124,8124,-2
8127,8127,1
8127,8127,2
8129,8129,-1
8131,8131,1
8132,8132,-1
8132,8132,-2
8133,8133,1
8134,8135,-1
8135,8135,-2
8136,8143,1
8138,8138,2
8141,8141,2
8143,8143,2
8144,8144,-1
8144,8144,-2
8145,8145,1
8146,8147,-1
8150,8151,-1
8150,8150,-2
8152,8153,1
8152,8152,2
8154,8154,-1
8156,8156,-1
8156,8156,-2
8157,8157,1
8160,8161,1
8160,8161,2
8163,8163,-1
8164,8164,1
8166,8166,-1
8166,8166,-2
8167,8167,1
8167,8167,2
8169,8169,1
8169,8169,2
8171,8173,1
8171,8172,2
8175,8177,-1
8176,8176,-2
8179,8181,1
8179,8179,2
8181,8181,2
8182,8182,-1
8182,8182,-2
8184,8184,-1
8185,8188,1
8185,8187,2
8189,8189,-1
8189,8189,-2
8191,8192,1
8191,8192,2
8193,8193,-1
8193,8193,-2
8194,8195,1
8195,8195,2
8197,8198,1
8197,8197,2
8199,8199,-1
8199,8199,-2
8200,8201,1
8203,8203,-1
8203,8203,-2
8205,8206,-1
8207,8208,1
8208,8208,2
8210,8211,1
8211,8211,2
8212,8213,-1
8212,8212,-2
8214,8214,1
8214,8214,2
8215,8215,-1
8216,8216,1
8216,8216,2
8217,8217,-1
8218,8218,1
8219,8219,-1
8220,8220,1
8221,8221,-1
8222,8223,1
8222,8222,2
8224,8224,-1
8225,8225,1
8225,8225,2
8227,8227,1
8227,8227,2
8228,8229,-1
8228,8228,-2
8230,8230,1
8231,8231,-1
8231,8231,-2
8233,8234,-1
8233,8234,-2
8235,8235,1
8235,8235,2
8237,8238,-1
8238,8238,-2
8239,8240,1
8239,8239,2
8241,8244,-1
8241,8243,-2
8247,8247,1
8249,8249,1
8251,8251,1
8251,8251,2
8252,8252,-1
8252,8252,-2
8254,8255,-1
8255,8255,-2
8256,8257,1
8256,8257,2
8259,8259,1
8259,8259,2
8261,8261,1
8261,8261,2
8262,8262,-1
8263,8263,1
8263,8263,2
8265,8268,1
8265,8265,2
8270,8270,1
8270,8270,2
8271,8272,-1
8271,8271,-2
8273,8273,1
8273,8273,2
8275,8278,-1
8275,8275,-2
8280,8281,-1
8280,8280,-2
8282,8283,1
8284,8285,-1
8285,8285,-2
8286,8286,1
8288,8288,-1
8288,8288,-2
8290,8290,1
8291,8291,-1
8292,8292,1
8293,8293,-1
8294,8294,1
8295,8296,-1
8298,8299,1
8298,8299,2
8300,8300,-1
8301,8301,1
8302,8302,-1
8302,8302,-2
8303,8303,1
8303,8303,2
8304,8304,-1
8304,8304,-2
8305,8307,1
8305,8306,2
8308,8308,-1
8309,8309,1
8309,8309,2
8310,8310,-1
8310,8310,-2
8312,8313,1
8314,8314,-1
8314,8314,-2
8317,8317,-1
8319,8319,-1
8319,8319,-2
8320,8322,1
8320,8321,2
8323,8324,-1
8324,8324,-2
8325,8325,1
8325,8325,2
8328,8328,-1
8330,8330,1
8331,8331,-1
8331,8331,-2
8332,8332,1
8332,8332,2
8333,8333,-1
8333,8333,-2
8334,8334,1
8334,8334,2
8335,8335,-1
8336,8337,1
8338,8339,-1
8338,8339,-2
8341,8341,-1
8341,8341,-2
8342,8342,1
8342,8342,2
8344,8344,1
8345,8346,-1
8346,8346,-2
8348,8349,1
8350,8353,-1
8350,8351,-2
8353,8353,-2
8354,8355,1
8356,8358,-1
8358,8358,-2
8359,8359,1
8360,8360,-1
8360,8360,-2
8362,8363,1
8364,8364,-1
8365,8365,1
8365,8365,2
8366,8368,-1
8368,8368,-2
8372,8372,1
8375,8376,-1
8376,8376,-2
8380,8380,-1
8381,8381,1
8383,8383,-1
8384,8387,1
8388,8390,-1
8390,8390,-2
8391,8391,1
8391,8391,2
8392,8392,-1
8393,8393,1
8393,8393,2
8394,8394,-1
8395,8395,1
8397,8399,-1
8398,8399,-2
8401,8401,1
8401,8401,2
8402,8402,-1
8403,8404,1
8403,8404,2
8405,8405,-1
8405,8405,-2
8406,8406,1
8406,8406,2
8407,8409,-1
8407,8408,-2
8410,8410,1
8411,8411,-1
8411,8411,-2
8413,8414,-1
8414,8414,-2
8415,8416,1
8415,8416,2
8417,8418,-1
8417,8418,-2
8419,8419,1
8421,8421,-1
8421,8421,-2
8422,8422,1
8422,8422,2
8426,8426,1
8428,8429,-1
8429,8429,-2
8430,8430,1
8430,8430,2
8431,8431,-1
8432,8432,1
8433,8434,-1
8433,8434,-2
8435,8435,1
8435,8435,2
8437,8437,-1
8437,8437,-2
8438,8438,1
8439,8441,-1
8439,8441,-2
8442,8444,1
8446,8446,-1
8446,8446,-2
8447,8447,1
8448,8448,-1
8448,8448,-2
8449,8449,1
8449,8449,2
8451,8451,-1
8452,8455,1
8453,8454,2
8456,8456,-1
8457,8458,1
8458,8458,2
8459,8459,-1
8459,8459,-2
8460,8460,1
8461,8462,-1
8464,8465,1
8464,8465,2
8466,8466,-1
8469,8469,1
8470,8471,-1
8470,8471,-2
8472,8472,1
8472,8472,2
8473,8473,-1
8473,8473,-2
8474,8476,1
8475,8476,2
8477,8481,-1
8480,8481,-2
8482,8483,1
8484,8485,-1
8485,8485,-2
8486,8487,1
8486,8487,2
8488,8489,-1
8488,8489,-2
8490,8493,1
8491,8491,2
8495,8496,1
8495,8496,2
8498,8498,-1
8499,8500,1
8499,8499,2
8501,8501,-1
8502,8502,1
8504,8506,-1
8504,8504,-2
8506,8506,-2
8508,8508,-1
8509,8509,1
8512,8512,1
8514,8515,1
8515,8515,2
8516,8516,-1
8517,8518,1
8520,8521,1
8524,8525,1
8526,8526,-1
8526,8526,-2
8528,8529,1
8528,8528,2
8531,8531,-1
8531,8531,-2
8533,8535,-1
8533,8533,-2
8536,8538,1
8538,8538,2
8539,8539,-1
8540,8540,1
8541,8541,-1
8542,8542,1
8543,8545,-1
8544,8544,-2
8547,8547,1
8549,8549,1
8549,8549,2
8550,8552,-1
8552,8552,-2
8553,8553,1
8553,8553,2
8557,8557,1
8557,8557,2
8558,8558,-1
8560,8560,-1
8560,8560,-2
8561,8561,1
8563,8565,-1
8564,8565,-2
8567,8568,-1
8570,8572,-1
8571,8572,-2
8574,8574,-1
8576,8576,-1
8576,8576,-2
8578,8578,-1
8578,8578,-2
8579,8579,1
8579,8579,2
8581,8581,-1
8581,8581,-2
8582,8582,1
8583,8584,-1
8583,8583,-2
8585,8585,1
8585,8585,2
8586,8586,-1
8587,8587,1
8587,8587,2
8588,8590,-1
8588,8589,-2
8591,8591,1
8592,8594,-1
8592,8592,-2
8594,8594,-2
8598,8601,-1
8598,8599,-2
8601,8601,-2
8603,8603,1
8604,8604,-1
8604,8604,-2
8606,8610,-1
8607,8607,-2
8609,8610,-2
8611,8612,1
8614,8615,1
8614,8614,2
8617,8617,-1
8619,8621,-1
8623,8623,1
8624,8626,-1
8624,8625,-2
8627,8627,1
8628,8633,-1
8628,8630,-2
8635,8635,-1
8635,8635,-2
8636,8636,1
8637,8637,-1
8637,8637,-2
8638,8639,1
8638,8639,2
8640,8640,-1
8642,8643,1
8642,8642,2
8644,8644,-1
8645,8645,1
8646,8647,-1
8646,8647,-2
8648,8648,1
8649,8651,-1
8649,8651,-2
8652,8652,1
8654,8655,1
8654,8654,2
8656,8656,-1
8657,8657,1
8657,8657,2
8658,8659,-1
8659,8659,-2
8660,8661,1
8661,8661,2
8662,8665,-1
8663,8663,-2
8665,8665,-2
8666,8666,1
8666,8666,2
8667,8667,-1
8668,8669,1
8669,8669,2
8671,8674,1
8671,8671,2
8675,8675,-1
8675,8675,-2
8676,8676,1
8676,8676,2
8677,8679,-1
8677,8677,-2
8680,8680,1
8682,8682,-1
8682,8682,-2
8683,8683,1
8684,8684,-1
8684,8684,-2
8685,8686,1
8685,8686,2
8687,8687,-1
8688,8688,1
8688,8688,2
8690,8690,1
8691,8693,-1
8691,8692,-2
8694,8694,1
8695,8696,-1
8696,8696,-2
8698,8698,-1
8698,8698,-2
8699,8699,1
8700,8700,-1
8701,8701,1
8702,8702,-1
8703,8705,1
8705,8705,2
8706,8706,-1
8707,8708,1
8707,8707,2
8709,8712,-1
8710,8710,-2
8713,8715,1
8714,8715,2
8717,8718,-1
8719,8720,1
8719,8720,2
8721,8721,-1
8721,8721,-2
8723,8724,-1
8725,8725,1
8726,8727,-1
8728,8728,1
8728,8728,2
8729,8731,-1
8731,8731,-2
8733,8734,-1
8733,8734,-2
8735,8736,1
8736,8736,2
8737,8737,-1
8737,8737,-2
8740,8740,1
8741,8744,-1
8742,8744,-2
8745,8745,1
8747,8747,1
8749,8750,-1
8750,8750,-2
8751,8751,1
8752,8752,-1
8754,8756,-1
8754,8754,-2
8758,8759,1
8758,8758,2
8760,8760,-1
8761,8762,1
8761,8761,2
8763,8763,-1
8765,8765,1
8766,8766,-1
8766,8766,-2
8767,8767,1
8767,8767,2
8768,8773,-1
8768,8773,-2
8774,8775,1
8774,8774,2
8776,8779,-1
8776,8778,-2
8780,8784,1
8780,8784,2
8785,8786,-1
8788,8789,1
8788,8788,2
8790,8790,-1
8791,8791,1
8791,8791,2
8793,8795,-1
8794,8794,-2
8796,8796,1
8797,8798,-1
8799,8799,1
8799,8799,2
8801,8801,1
8802,8803,-1
8803,8803,-2
8804,8804,1
8804,8804,2
8807,8807,1
8807,8807,2
8808,8808,-1
8808,8808,-2
8809,8809,1
8809,8809,2
8810,8810,-1
8810,8810,-2
8811,8811,1
8812,8812,-1
8814,8814,1
8815,8815,-1
8815,8815,-2
8816,8818,1
8816,8818,2
8821,8821,1
8821,8821,2
8822,8823,-1
8822,8822,-2
8824,8824,1
8826,8826,1
8826,8826,2
8827,8827,-1
8828,8828,1
8829,8829,-1
8830,8830,1
8831,8833,-1
8831,8833,-2
8834,8837,1
8834,8835,2
8838,8838,-1
8840,8842,-1
8841,8842,-2
8844,8844,-1
8844,8844,-2
8845,8845,1
8845,8845,2
8846,8848,-1
8847,8847,-2
8849,8851,1
8849,8849,2
8852,8852,-1
8852,8852,-2
8853,8853,1
8854,8854,-1
8857,8857,-1
8859,8859,-1
8859,8859,-2
8860,8860,1
8861,8863,-1
8863,8863,-2
8865,8866,-1
8866,8866,-2
8867,8868,1
8867,8868,2
8869,8871,-1
8869,8869,-2
8871,8871,-2
8872,8873,1
8874,8874,-1
8875,8875,1
8877,8880,-1
8877,8878,-2
8880,8880,-2
8881,8882,1
8884,8885,-1
8884,8885,-2
8886,8886,1
8886,8886,2
8887,8887,-1
8888,8888,1
8890,8890,-1
8890,8890,-2
8891,8891,1
8892,8894,-1
8892,8894,-2
8895,8895,1
8895,8895,2
8896,8896,-1
8897,8897,1
8897,8897,2
8899,8899,1
8900,8900,-1
8900,8900,-2
8903,8903,1
8903,8903,2
8904,8904,-1
8904,8904,-2
8905,8906,1
8906,8906,2
8907,8908,-1
8910,8910,-1
8910,8910,-2
8913,8913,-1
8915,8917,1
8916,8917,2
8918,8920,-1
8921,8921,1
8921,8921,2
8922,8922,-1
8922,8922,-2
8924,8924,1
8924,8924,2
8925,8925,-1
8927,8927,-1
8929,8929,1
8929,8929,2
8930,8930,-1
8930,8930,-2
8931,8931,1
8931,8931,2
8932,8932,-1
8932,8932,-2
8933,8933,1
8934,8935,-1
8935,8935,-2
8936,8936,1
8937,8940,-1
8937,8939,-2
8942,8942,1
8944,8946,1
8945,8945,2
8951,8952,-1
8951,8951,-2
8953,8953,1
8954,8955,-1
8954,8955,-2
8957,8957,-1
8957,8957,-2
8958,8959,1
8958,8959,2
8960,8961,-1
8960,8960,-2
8963,8964,-1
8964,8964,-2
8965,8965,1
8965,8965,2
8966,8968,-1
8968,8968,-2
8969,8969,1
8970,8970,-1
8971,8971,1
8971,8971,2
8972,8972,-1
8973,8973,1
8974,8974,-1
8975,8975,1
8976,8977,-1
8978,8979,1
8978,8979,2
8980,8980,-1
8980,8980,-2
8981,8981,1
8983,8985,1
8983,8985,2
8987,8987,1
8988,8988,-1
8990,8990,-1
8991,8993,1
8991,8993,2
8995,8996,-1
8996,8996,-2
8997,8997,1
8997,8997,2
9000,9000,1
9001,9001,-1
9002,9002,1
9005,9008,-1
9006,9008,-2
9010,9012,-1
9010,9012,-2
9014,9019,-1
9014,9014,-2
9016,9017,-2
9019,9019,-2
9021,9021,1
9022,9022,-1
9023,9023,1
9023,9023,2
9024,9024,-1
9026,9028,-1
9028,9028,-2
9029,9029,1
9030,9030,-1
9030,9030,-2
9031,9033,1
9031,9031,2
9033,9033,2
9035,9035,-1
9035,9035,-2
9036,9036,1
9036,9036,2
9038,9038,1
9039,9039,-1
9039,9039,-2
9040,9041,1
9040,9041,2
9042,9042,-1
9042,9042,-2
9045,9045,-1
9047,9047,1
9047,9047,2
9048,9048,-1
9050,9050,1
9051,9051,-1
9053,9054,-1
9053,9053,-2
9056,9056,1
9058,9060,-1
9058,9058,-2
9061,9061,1
9063,9064,1
9066,9067,-1
9066,9066,-2
9068,9068,1
9068,9068,2
9069,9070,-1
9069,9070,-2
9072,9072,-1
9072,9072,-2
9073,9074,1
9073,9074,2
9076,9076,-1
9076,9076,-2
9078,9081,1
9078,9081,2
9082,9082,-1
9082,9082,-2
9083,9083,1
9083,9083,2
9084,9084,-1
9085,9089,1
9085,9085,2
9090,9091,-1
9092,9092,1
9092,9092,2
9093,9096,-1
9094,9094,-2
9096,9096,-2
9098,9098,1
9099,9099,-1
9101,9101,-1
9103,9103,-1
9105,9105,1
9106,9106,-1
9108,9109,-1
9110,9110,1
9110,9110,2
9111,9112,-1
9111,9111,-2
9113,9114,1
9116,9116,1
9116,9116,2
9117,9117,-1
9119,9120,1
9119,9119,2
9123,9124,-1
9124,9124,-2
9126,9128,1
9127,9128,2
9130,9132,-1
9130,9130,-2
9135,9135,1
9136,9137,-1
9136,9136,-2
9138,9138,1
9139,9140,-1
9139,9140,-2
9141,9141,1
9141,9141,2
9143,9143,1
9143,9143,2
9144,9145,-1
9147,9150,-1
9148,9150,-2
9151,9154,1
9151,9151,2
9156,9156,1
9157,9158,-1
9158,9158,-2
9161,9161,1
9161,9161,2
9165,9165,-1
9165,9165,-2
9166,9167,1
9166,9167,2
9171,9172,-1
9172,9172,-2
9173,9174,1
9173,9174,2
9176,9176,-1
9176,9176,-2
9178,9178,1
9181,9181,-1
9181,9181,-2
9184,9185,1
9184,9184,2
9186,9186,-1
9186,9186,-2
9187,9187,1
9187,9187,2
9188,9188,-1
9192,9192,-1
9193,9193,1
9193,9193,2
9194,9194,-1
9195,9196,1
9199,9200,-1
9199,9200,-2
9202,9202,1
9203,9205,-1
9204,9205,-2
9207,9207,1
9210,9210,-1
9211,9212,1
9212,9212,2
9213,9214,-1
9213,9214,-2
9215,9216,1
9215,9215,2
9217,9217,-1
9217,9217,-2
9221,9221,1
9221,9221,2
9222,9222,-1
9222,9222,-2
9223,9223,1
9224,9224,-1
9224,9224,-2
9225,9225,1
9226,9226,-1
9228,9229,-1
9228,9229,-2
9230,9231,1
9230,9231,2
9232,9232,-1
9233,9233,1
9234,9236,-1
9237,9237,1
9237,9237,2
9238,9239,-1
9239,9239,-2
9241,9241,1
9241,9241,2
9242,9242,-1
9243,9243,1
9243,9243,2
9245,9245,1
9245,9245,2
9246,9247,-1
9247,9247,-2
9250,9250,-1
9251,9253,1
9251,9251,2
9253,9253,2
9254,9254,-1
9255,9259,1
9257,9259,2
9260,9263,-1
9260,9262,-2
9264,9264,1
9265,9266,-1
9266,9266,-2
9267,9267,1
9269,9269,-1
9269,9269,-2
9270,9271,1
9271,9271,2
9274,9274,-1
9276,9277,-1
9276,9276,-2
9279,9280,1
9279,9280,2
9282,9282,1
9283,9283,-1
9285,9285,-1
9285,9285,-2
9287,9287,-1
9287,9287,-2
9289,9289,1
9289,9289,2
9290,9290,-1
9290,9290,-2
9291,9295,1
9291,9292,2
9294,9295,2
9298,9298,1
9299,9299,-1
9299,9299,-2
9300,9300,1
9300,9300,2
9301,9302,-1
9301,9302,-2
9304,9304,-1
9304,9304,-2
9306,9306,1
9306,9306,2
9307,9308,-1
9308,9308,-2
9310,9311,-1
9310,9311,-2
9313,9313,1
9316,9316,1
9317,9319,-1
9318,9319,-2
9322,9322,-1
9323,9323,1
9324,9324,-1
9325,9325,1
9326,9326,-1
9326,9326,-2
9327,9327,1
9327,9327,2
9328,9329,-1
9328,9329,-2
9331,9331,1
9331,9331,2
9332,9333,-1
9332,9332,-2
9334,9336,1
9334,9334,2
9336,9336,2
9337,9337,-1
9337,9337,-2
9338,9340,1
9339,9339,2
9342,9342,-1
9343,9345,1
9343,9343,2
9345,9345,2
9347,9348,1
9347,9348,2
9349,9349,-1
9350,9350,1
9350,9350,2
9352,9352,-1
9352,9352,-2
9354,9355,1
9354,9354,2
9356,9359,-1
9358,9359,-2
9361,9361,1
9361,9361,2
9363,9364,-1
9363,9363,-2
9365,9365,1
9365,9365,2
9366,9369,-1
9367,9369,-2
9371,9373,-1
9372,9373,-2
9374,9374,1
9378,9378,1
9379,9379,-1
9380,9380,1
9380,9380,2
9382,9387,-1
9382,9383,-2
9388,9388,1
9388,9388,2
9390,9390,-1
9392,9395,-1
9392,9393,-2
9397,9397,-1
9399,9400,-1
9399,9399,-2
9401,9401,1
9401,9401,2
9402,9403,-1
9403,9403,-2
9404,9404,1
9405,9406,-1
9407,9407,1
9407,9407,2
9409,9409,-1
9410,9410,1
9412,9412,-1
9414,9414,1
9414,9414,2
9416,9416,1
9416,9416,2
9417,9417,-1
9417,9417,-2
9418,9418,1
9418,9418,2
9420,9422,-1
9421,9422,-2
9423,9424,1
9423,9423,2
9427,9427,1
9428,9428,-1
9430,9432,1
9433,9434,-1
9433,9433,-2
9436,9437,-1
9439,9440,1
9439,9439,2
9441,9441,-1
9442,9442,1
9443,9445,-1
9443,9444,-2
9446,9446,1
9447,9450,-1
9448,9449,-2
9452,9452,1
9453,9453,-1
9453,9453,-2
9454,9455,1
9456,9457,-1
9456,9456,-2
9458,9458,1
9458,9458,2
9459,9460,-1
9459,9460,-2
9461,9461,1
9461,9461,2
9463,9464,-1
9464,9464,-2
9465,9465,1
9465,9465,2
9467,9469,1
9467,9467,2
9470,9471,-1
9470,9471,-2
9472,9473,1
9472,9472,2
9474,9474,-1
9474,9474,-2
9475,9475,1
9475,9475,2
9476,9476,-1
9477,9478,1
9479,9479,-1
9480,9480,1
9480,9480,2
9481,9481,-1
9481,9481,-2
9482,9483,1
9485,9485,1
9486,9486,-1
9486,9486,-2
9487,9487,1
9488,9489,-1
9489,9489,-2
9490,9490,1
9490,9490,2
9492,9492,1
9494,9494,1
9495,9495,-1
9495,9495,-2
9497,9497,1
9497,9497,2
9499,9500,1
9499,9500,2
9501,9501,-1
9501,9501,-2
9503,9503,-1
9504,9509,1
9504,9504,2
9506,9506,2
9508,9508,2
9510,9512,-1
9511,9512,-2
9513,9513,1
9514,9514,-1
9514,9514,-2
9515,9515,1
9515,9515,2
9516,9517,-1
9519,9519,-1
9519,9519,-2
9520,9522,1
9520,9520,2
9523,9523,-1
9525,9525,1
9526,9526,-1
9526,9526,-2
9527,9532,1
9528,9528,2
9530,9531,2
9534,9534,1
9534,9534,2
9535,9535,-1
9537,9538,1
9537,9538,2
9539,9542,-1
9541,9541,-2
9543,9544,1
9544,9544,2
9546,9547,1
9548,9548,-1
9548,9548,-2
9549,9549,1
9550,9553,-1
9551,9551,-2
9553,9553,-2
9554,9554,1
9555,9555,-1
9556,9556,1
9558,9558,-1
9559,9559,1
9559,9559,2
9560,9561,-1
9561,9561,-2
9562,9563,1
9562,9563,2
9564,9564,-1
9564,9564,-2
9565,9566,1
9566,9566,2
9567,9567,-1
9568,9569,1
9568,9569,2
9570,9572,-1
9571,9572,-2
9573,9573,1
9574,9574,-1
9574,9574,-2
9575,9577,1
9576,9577,2
9578,9579,-1
9580,9581,1
9581,9581,2
9582,9582,-1
9582,9582,-2
9583,9583,1
9583,9583,2
9584,9585,-1
9586,9586,1
9586,9586,2
9588,9588,1
9591,9591,-1
9593,9593,1
9594,9596,-1
9597,9599,1
9597,9597,2
9600,9600,-1
9600,9600,-2
9601,9601,1
9601,9601,2
9602,9602,-1
9602,9602,-2
9603,9604,1
9604,9604,2
9605,9605,-1
9606,9606,1
9606,9606,2
9607,9607,-1
9607,9607,-2
9609,9610,-1
9609,9609,-2
9612,9612,1
9613,9615,-1
9614,9614,-2
9617,9618,1
9617,9618,2
9619,9619,-1
9620,9620,1
9620,9620,2
9622,9622,-1
9622,9622,-2
9624,9624,1
9624,9624,2
9625,9625,-1
9625,9625,-2
9627,9627,-1
9628,9632,1
9629,9631,2
9633,9633,-1
9634,9634,1
9635,9638,-1
9635,9636,-2
9638,9638,-2
9639,9639,1
9639,9639,2
9640,9640,-1
9641,9642,1
9641,9642,2
9643,9645,-1
9643,9644,-2
9647,9647,1
9648,9649,-1
9648,9648,-2
9650,9650,1
9650,9650,2
9652,9652,1
9653,9655,-1
9655,9655,-2
9657,9657,1
9658,9659,-1
9658,9658,-2
9662,9662,1
9663,9663,-1
9666,9667,-1
9666,9667,-2
9669,9669,1
9669,9669,2
9670,9671,-1
9670,9670,-2
9672,9672,1
9673,9673,-1
9673,9673,-2
9674,9674,1
9675,9675,-1
9676,9677,1
9676,9676,2
9678,9679,-1
9679,9679,-2
9680,9680,1
9684,9684,-1
9684,9684,-2
9687,9687,1
9687,9687,2
9688,9688,-1
9689,9689,1
9689,9689,2
9690,9691,-1
9690,9690,-2
9693,9693,1
9693,9693,2
9694,9694,-1
9694,9694,-2
9696,9696,-1
9696,9696,-2
9697,9697,1
9698,9698,-1
9699,9699,1
9700,9700,-1
9702,9702,1
9703,9706,-1
9703,9704,-2
9706,9706,-2
9707,9711,1
9707,9707,2
9709,9709,2
9712,9712,-1
9712,9712,-2
9713,9713,1
9714,9716,-1
9714,9715,-2
9718,9718,-1
9719,9719,1
9719,9719,2
9720,9721,-1
9720,9721,-2
9722,9723,1
9722,9722,2
9724,9724,-1
9724,9724,-2
9726,9726,1
9727,9729,-1
9728,9728,-2
9730,9733,1
9732,9733,2
9736,9736,1
9738,9738,1
9739,9740,-1
9739,9740,-2
9741,9741,1
9742,9743,-1
9743,9743,-2
9744,9746,1
9745,9746,2
9748,9749,-1
9748,9748,-2
9752,9752,1
9753,9753,-1
9756,9756,-1
9756,9756,-2
9758,9758,-1
9760,9760,1
9760,9760,2
9762,9762,1
9762,9762,2
9763,9767,-1
9765,9765,-2
9768,9770,1
9768,9768,2
9770,9770,2
9771,9771,-1
9773,9773,-1
9773,9773,-2
9774,9774,1
9776,9776,1
9778,9778,1
9778,9778,2
9780,9780,1
9781,9784,-1
9782,9784,-2
9785,9785,1
9786,9786,-1
9787,9787,1
9787,9787,2
9788,9789,-1
9790,9791,1
9790,9791,2
9792,9793,-1
9792,9793,-2
9794,9794,1
9795,9795,-1
9795,9795,-2
9796,9799,1
9800,9801,-1
9800,9801,-2
9803,9804,1
9804,9804,2
9805,9805,-1
9807,9807,1
9808,9811,-1
9808,9808,-2
9811,9811,-2
9812,9812,1
9813,9814,-1
9814,9814,-2
9815,9815,1
9815,9815,2
9816,9817,-1
9816,9816,-2
9818,9818,1
9820,9821,-1
9820,9820,-2
9823,9825,1
9823,9824,2
9826,9826,-1
9827,9827,1
9827,9827,2
9828,9828,-1
9828,9828,-2
9829,9831,1
9829,9831,2
9832,9832,-1
9833,9833,1
9833,9833,2
9834,9835,-1
9834,9835,-2
9836,9839,1
9836,9837,2
9839,9839,2
9840,9843,-1
9843,9843,-2
9844,9844,1
9844,9844,2
9846,9848,1
9846,9847,2
9849,9850,-1
9852,9855,1
9855,9855,2
9856,9856,-1
9856,9856,-2
9857,9859,1
9857,9859,2
9860,9861,-1
9863,9865,-1
9863,9863,-2
9867,9867,-1
9869,9869,1
9869,9869,2
9871,9871,1
9872,9872,-1
9874,9875,-1
9875,9875,-2
9877,9877,1
9878,9878,-1
9878,9878,-2
9879,9881,1
9879,9879,2
9881,9881,2
9882,9886,-1
9883,9883,-2
9887,9887,1
9889,9891,1
9892,9892,-1
9893,9893,1
9893,9893,2
9894,9895,-1
9894,9895,-2
9896,9901,1
9902,9902,-1
9902,9902,-2
9903,9904,1
9903,9903,2
9905,9905,-1
9905,9905,-2
9907,9907,-1
9908,9909,1
9911,9912,-1
9911,9912,-2
9916,9918,-1
9916,9917,-2
9919,9919,1
9921,9922,1
9923,9923,-1
9927,9927,1
9927,9927,2
9929,9929,-1
9930,9930,1
9930,9930,2
9931,9931,-1
9931,9931,-2
9933,9933,1
9934,9934,-1
9934,9934,-2
9936,9936,1
9937,9938,-1
9938,9938,-2
9939,9939,1
9940,9940,-1
9940,9940,-2
9941,9941,1
9941,9941,2
9942,9942,-1
9942,9942,-2
9944,9945,-1
9946,9948,1
9947,9947,2
9949,9952,-1
9949,9949,-2
9951,9951,-2
9953,9953,1
9954,9954,-1
9956,9956,-1
9957,9957,1
9958,9958,-1
9958,9958,-2
9959,9961,1
9960,9961,2
9963,9963,1
9963,9963,2
9964,9965,-1
9966,9969,1
9967,9968,2
9970,9970,-1
9971,9971,1
9971,9971,2
9973,9974,-1
9973,9973,-2
9977,9977,1
9978,9978,-1
9980,9981,1
9983,9985,-1
9988,9989,1
9988,9988,2
9990,9993,-1
9994,9995,1
9997,9997,1
9997,9997,2
9998,9999,-1
